amino_acid	max_abs_delta_fraction	where
A	0.206796	Q96T76 Q96T76-6
C	0.132547	A6BM72 A6BM72-4
D	0.133459	Q8WXC6 Q8WXC6-1
E	0.098661	Q7Z4H3 Q7Z4H3-3
F	0.062016	O75347 O75347-2
G	0.140342	Q08211 Q08211-2
H	0.118987	Q6RW13 Q6RW13-4
I	0.104572	P38159 P38159-3
K	0.090563	Q9Y5X3 Q9Y5X3-2
L	0.148281	Q9BT09 Q9BT09-2
M	0.053885	Q5R372 Q5R372-9
N	0.076711	Q8WW12 Q8WW12-3
P	0.107819	Q9Y6W5 Q9Y6W5-2
Q	0.060787	Q99784 Q99784-4
R	0.113440	Q07812 Q07812-3
S	0.145819	P38159 P38159-3
T	0.122642	P16070 P16070-2
V	0.089214	P38159 P38159-3
W	0.083233	P16070 P16070-2
Y	0.053748	P38159 P38159-3
