amino_acid	max_abs_delta_free_frac	where
A	0.0738512912	P59666
C	0.03803991943	P59666
D	0.02400386153	P13987
E	0.03250063465	Q07021
F	0.02493932749	P81605
G	0.02920774952	P13987
H	0.02267284355	P13987
I	0.02606980173	O60262
K	0.05050545441	P02654
L	0.07424130364	P02775
M	0.02797135154	P01611
N	0.04765424772	P13987
P	0.02753446413	P02654
Q	0.04139244429	P59666
R	0.07375000725	P14406
S	0.03453279749	P01597
T	0.01841833608	Q04756
V	0.04519695336	P02654
W	0.02586484782	P01714
Y	0.02844359938	P59666
