row_index	identity_cell	gene_cell	entry	entry_token_rank	outcome	tokens_checked	published_share_percent
2	P11021;B4DEF7	HSPA5	P11021	1	member	1:P11021:reviewed_human	0.000444
3	Q76LX8;Q76LX8-3;Q76LX8-2	ADAMTS13	Q76LX8	1	member	1:Q76LX8:reviewed_human	0.000454
4	P60709;B4E335;P63261;F5H0N0;B4DW52;I3L3I4;F5GYT4;I3L3I0;I3L1U9	ACTB;ACTG1	P60709	1	member	1:P60709:reviewed_human	0.003941
5	P63267;P68133;P62736;P68032;Q5T8M8;A6NL76;B4DUI8;Q5T8M7;F5H1C1;E7EQV5;E9PG30;F8WB63;B8ZZJ2;C9JFL5;F6UVQ4;F6QUT6	ACTG2;ACTA1;ACTA2;ACTC1	P63267	1	member	1:P63267:reviewed_human	0.000646
6	Q9HDC9;H0Y512;Q9HDC9-2	APMAP	Q9HDC9	1	member	1:Q9HDC9:reviewed_human	0.000749
7	Q15848	ADIPOQ	Q15848	1	member	1:Q15848:reviewed_human	0.005249
8	P43652	AFM	P43652	1	member	1:P43652:reviewed_human	0.047339
9	P02763	ORM1	P02763	1	member	1:P02763:reviewed_human	0.776669
10	P19652	ORM2	P19652	1	member	1:P19652:reviewed_human	0.041931
11	P01011;G3V5I3;G3V595	SERPINA3;GAA	P01011	1	member	1:P01011:reviewed_human	0.604486
12	P01009;P01009-2;P01009-3	SERPINA1	P01009	1	member	1:P01009:reviewed_human	7.127807
13	P04217	A1BG	P04217	1	member	1:P04217:reviewed_human	0.317122
14	P08697;P08697-2;C9JMH6	SERPINF2	P08697	1	member	1:P08697:reviewed_human	0.113679
15	P02765;F5H0Q5;C9JV77	AHSG	P02765	1	member	1:P02765:reviewed_human	0.402241
16	P01023;H0YGH4	A2M	P01023	1	member	1:P01023:reviewed_human	7.022568
17	P15144;B4DP96	ANPEP	P15144	1	member	1:P15144:reviewed_human	0.000230
18	P03950	ANG	P03950	1	member	1:P03950:reviewed_human	0.000030
19	P01019;E7EUC5	AGT	P01019	1	member	1:P01019:reviewed_human	0.088123
20	P01008	SERPINC1	P01008	1	member	1:P01008:reviewed_human	0.448710
21	P02647;F8W696	APOA1	P02647	1	member	1:P02647:reviewed_human	8.059646
22	P02652	APOA2	P02652	1	member	1:P02652:reviewed_human	0.915116
23	P06727	APOA4	P06727	1	member	1:P06727:reviewed_human	0.691602
24	P04114;F5H109	APOB	P04114	1	member	1:P04114:reviewed_human	1.739546
25	P02654	APOC1	P02654	1	member	1:P02654:reviewed_human	0.142394
26	P02655	APOC2	P02655	1	member	1:P02655:reviewed_human	0.084114
27	P02656	APOC3	P02656	1	member	1:P02656:reviewed_human	0.258408
28	P55056	APOC4	P55056	1	member	1:P55056:reviewed_human	0.001467
29	C9JF17;P05090;C9JX71	APOD	P05090	2	member_via_later_token	1:C9JF17:unreviewed/9606; 2:P05090:reviewed_human	0.033844
30	P02649;H0Y7L5;E9PEV4;E7ERP7	APOE	P02649	1	member	1:P02649:reviewed_human	0.202437
31	Q13790;F5GXS5	APOF	Q13790	1	member	1:Q13790:reviewed_human	0.002990
32	O14791;O14791-2;E9PF24;G8JL88	APOL1	O14791	1	member	1:O14791:reviewed_human	0.038577
33	O95445	APOM	O95445	1	member	1:O95445:reviewed_human	0.022622
34	O75882;H7BXY8;O75882-3;O75882-2	ATRN	O75882	1	member	1:O75882:reviewed_human	0.008536
35	P02749	APOH	P02749	1	member	1:P02749:reviewed_human	0.135203
36	P61769;F5H6I0;H0YLF3	B2M	P61769	1	member	1:P61769:reviewed_human	0.004065
37	Q96KN2	CNDP1	Q96KN2	1	member	1:Q96KN2:reviewed_human	0.007809
38	P43251;F8W1Q3;B4DLJ9;A6NHF2;C9JSN9	BTD	P43251	1	member	1:P43251:reviewed_human	0.005085
39	P04003	C4BPA	P04003	1	member	1:P04003:reviewed_human	0.033369
40	P20851;P20851-2;Q5VVQ7;E7EQT9	C4BPB	P20851	1	member	1:P20851:reviewed_human	0.002849
41	P55290;F5H6D5;B7Z590	CDH13	P55290	1	member	1:P55290:reviewed_human	0.000194
42	P33151;E7EPJ8;I3L1J2	CDH5	P33151	1	member	1:P33151:reviewed_human	0.001618
43	P31327;H0YGP4;P31327-2	CPS1	P31327	1	member	1:P31327:reviewed_human	0.000332
44	P00915;E5RHP7;E5RH81;E5RFE7;E5RIF9;E5RG43;H0YBE2	CA1	P00915	1	named_contaminant	1:P00915:reviewed_human	0.000543
45	Q96IY4;Q96IY4-2	CPB2	Q96IY4	1	member	1:Q96IY4:reviewed_human	0.009269
46	P15169	CPN1	P15169	1	member	1:P15169:reviewed_human	0.013030
47	P22792	CPN2	P22792	1	member	1:P22792:reviewed_human	0.016727
48	Q9NQ79;Q5T4F6;Q9NQ79-3;Q9NQ79-2	CRTAC1	Q9NQ79	1	member	1:Q9NQ79:reviewed_human	0.000403
49	G3XAP6;E9PFW4;B4DKJ3;P49747;CON__ENSEMBL:ENSBTAP00000006074	COMP	P49747	4	member_via_later_token	1:G3XAP6:unreviewed/9606; 2:E9PFW4:?/?; 3:B4DKJ3:?/?; 4:P49747:reviewed_human	0.001203
50	Q9H257;Q9H257-3;Q9H257-2	CARD9	Q9H257	1	member	1:Q9H257:reviewed_human	0.003688
51	P31944	CASP14	P31944	1	member	1:P31944:reviewed_human	0.000882
52	P49913	CAMP	P49913	1	member	1:P49913:reviewed_human	0.000573
53	Q13740;F5GXJ9;Q13740-2;B4DTU0	ALCAM	Q13740	1	member	1:Q13740:reviewed_human	0.024009
54	P16070;H0YD13;H0YDW7;H0YCV9;H0Y5E4;E7EPC6;P16070-15;P16070-18;P16070-12;P16070-14;P16070-13;P16070-11;P16070-10;P16070-16;P16070-8;P16070-9;P16070-17;P16070-6;P16070-4;P16070-3;P16070-7;P16070-5;E9PKC6;Q86UZ1;H0YDX6;H0YD17;H0Y2P0;P16070-19	CD44	P16070	1	member	1:P16070:reviewed_human	0.000316
55	O43866	CD5L	O43866	1	member	1:O43866:reviewed_human	0.045831
56	P00450;E9PFZ2;H7C5R1	CP	P00450	1	member	1:P00450:reviewed_human	0.587349
57	P11597;P11597-2;H3BRJ9	CETP	P11597	1	member	1:P11597:reviewed_human	0.001341
58	P06276;F8WF14;F8WEX7	BCHE	P06276	1	member	1:P06276:reviewed_human	0.009447
59	P10909;P10909-4;P10909-5;P10909-2;E7ETA7;P10909-3;H0YC35;H0YLK8	CLU	P10909	1	member	1:P10909:reviewed_human	0.377690
60	P00740	F9	P00740	1	member	1:P00740:reviewed_human	0.005350
61	P12259	F5	P12259	1	member	1:P12259:reviewed_human	0.008378
62	P08709;F5H8B0;P08709-2	F7	P08709	1	member	1:P08709:reviewed_human	0.000475
63	P00742	F10	P00742	1	member	1:P00742:reviewed_human	0.004509
64	P03951;E9PGP2;P03951-2	F11	P03951	1	member	1:P03951:reviewed_human	0.002535
65	P00748	F12	P00748	1	member	1:P00748:reviewed_human	0.019714
66	P00488;F5H080	F13A1	P00488	1	member	1:P00488:reviewed_human	0.010427
67	P05160	F13B	P05160	1	member	1:P05160:reviewed_human	0.006575
68	Q9Y6Z7	COLEC10	Q9Y6Z7	1	member	1:Q9Y6Z7:reviewed_human	0.000275
69	Q9BWP8;Q9BWP8-9;Q9BWP8-8;Q9BWP8-7;Q9BWP8-6;Q9BWP8-5;Q9BWP8-4;Q9BWP8-3;Q9BWP8-2	COLEC11	Q9BWP8	1	member	1:Q9BWP8:reviewed_human	0.000161
70	P02745	C1QA	P02745	1	member	1:P02745:reviewed_human	0.003666
71	P02746;D6RA08;D6R934;D6RGJ1	C1QB	P02746	1	member	1:P02746:reviewed_human	0.030730
72	P02747	C1QC	P02747	1	member	1:P02747:reviewed_human	0.023362
73	P00736;H0YFH3	C1R	P00736	1	member	1:P00736:reviewed_human	0.069073
74	Q9NZP8;E7ER29;H0YFL7;F5GWF3	C1RL	Q9NZP8	1	member	1:Q9NZP8:reviewed_human	0.005700
75	P09871;A6NG18;F8WCZ6	C1S	P09871	1	member	1:P09871:reviewed_human	0.082672
76	P06681;E9PFN7;B4DQI1;P06681-2;Q5ST57;H0Y3H6;E9PDZ0;B3KTX9;A2ABK0	C2	P06681	1	member	1:P06681:reviewed_human	0.005469
77	P01024;B4E216	C3	P01024	1	member	1:P01024:reviewed_human	3.379449
78	B0UZ83;B0V2C8;F8VZD8;F8VW91	C4A	P0C0L4	gene	member_via_gene	1:B0UZ83:?/?; 2:B0V2C8:?/?; 3:F8VZD8:?/?; 4:F8VW91:?/?; gene:C4A:P0C0L4	0.036935
79	A2BHY4;F8VX64	C4B			no_reviewed_human_entry	1:A2BHY4:?/?; 2:F8VX64:?/?; gene:C4B:unmapped	1.020108
80	P01031;H0Y4U2	C5	P01031	1	member	1:P01031:reviewed_human	0.159555
81	P13671	C6	P13671	1	member	1:P13671:reviewed_human	0.070866
82	P10643;E7EPA5	C7	P10643	1	member	1:P10643:reviewed_human	0.036282
83	P07357	C8A	P07357	1	member	1:P07357:reviewed_human	0.021736
84	P07358;F5GY80;F5H7G1	C8B	P07358	1	member	1:P07358:reviewed_human	0.027080
85	P07360;Q5SQ08	C8G	P07360	1	member	1:P07360:reviewed_human	0.007887
86	P02748	C9	P02748	1	member	1:P02748:reviewed_human	0.105536
87	B4E1Z4;E7EVA3;E7ETN3;P00751	CFB	P00751	4	member_via_later_token	1:B4E1Z4:unreviewed/9606; 2:E7EVA3:?/?; 3:E7ETN3:unreviewed/9606; 4:P00751:reviewed_human	0.402964
88	P00746	CFD	P00746	1	member	1:P00746:reviewed_human	0.001849
89	P08603	CFH	P08603	1	member	1:P08603:reviewed_human	0.207270
90	P36980;P36980-2	CFHR2	P36980	1	member	1:P36980:reviewed_human	0.010342
91	Q02985;Q02985-2;Q92496;B1ALQ8;C9J7J7	CFHR3;CFHR4	Q02985	1	member	1:Q02985:reviewed_human	0.002319
92	P05156;G3XAM2;E7ETH0	CFI	P05156	1	member	1:P05156:reviewed_human	0.029506
93	Q12860;Q12860-3;Q12860-2	CNTN1	Q12860	1	member	1:Q12860:reviewed_human	0.000090
94	P08185	SERPINA6	P08185	1	member	1:P08185:reviewed_human	0.084569
95	P02741;Q5VVP7;P02741-2	CRP	P02741	1	member	1:P02741:reviewed_human	0.020322
96	P01040;C9J0E4	CSTA	P01040	1	member	1:P01040:reviewed_human	0.000288
97	P01034	CST3	P01034	1	member	1:P01034:reviewed_human	0.000879
98	P54108;I3L0A1;P54108-2;P54108-3	CRISP3	P54108	1	member	1:P54108:reviewed_human	0.000057
99	P81605;P81605-2	DCD	P81605	1	member	1:P81605:reviewed_human	0.000546
100	Q14126	DSG2	Q14126	1	member	1:Q14126:reviewed_human	0.000085
101	P15924;P15924-2	DSP	P15924	1	member	1:P15924:reviewed_human	0.000096
102	Q01459	CTBS	Q01459	1	member	1:Q01459:reviewed_human	0.000144
103	P09172	DBH	P09172	1	member	1:P09172:reviewed_human	0.004774
104	Q13822;Q13822-3;E7EUF1;E9PHP7;Q13822-2;E5RIA2	ENPP2	Q13822	1	member	1:Q13822:reviewed_human	0.000658
105	Q12805;E9PGL6;B4DW75;Q12805-2;Q12805-4;Q12805-3	EFEMP1	Q12805	1	member	1:Q12805:reviewed_human	0.000838
106	Q9UNN8	PROCR	Q9UNN8	1	member	1:Q9UNN8:reviewed_human	0.000340
107	Q16610;Q16610-4;Q16610-2	ECM1	Q16610	1	member	1:Q16610:reviewed_human	0.008843
108	P08294	SOD3	P08294	1	member	1:P08294:reviewed_human	0.000107
109	Q01469	FABP5	Q01469	1	member	1:Q01469:reviewed_human	0.000414
110	Q9UGM5;E9PG08;E9PG06;B7Z8T3	FETUB	Q9UGM5	1	member	1:Q9UGM5:reviewed_human	0.002770
111	P02671;P02671-2	FGA	P02671	1	member	1:P02671:reviewed_human	3.592411
112	P02675;B4E1D3;D6REL8	FGB	P02675	1	member	1:P02675:reviewed_human	2.225133
113	P02679;P02679-2;C9JEU5;C9JC84	FGG	P02679	1	member	1:P02679:reviewed_human	3.049551
114	Q08830;E7ERS0	FGL1	Q08830	1	member	1:Q08830:reviewed_human	0.000472
115	P02751;P02751-10;P02751-9;P02751-14;P02751-8;E9PE77;P02751-3;P02751-5;F8W7G7;P02751-6;P02751-13;P02751-7;P02751-15;P02751-4;E7ERA1;P02751-11;P02751-12;H0Y7Z1	FN1	P02751	1	member	1:P02751:reviewed_human	0.413224
116	P23142-4;B1AHL2	FBLN1	P23142	1	member	1:P23142:reviewed_human	0.002390
117	P23142;P23142-3;F8W7M9;CON__ENSEMBL:ENSBTAP00000016046	FBLN1	P23142	1	member_duplicate_entry	1:P23142:reviewed_human	0.008549
118	Q15485;Q15485-2	FCN2	Q15485	1	member	1:Q15485:reviewed_human	0.001347
119	O75636;O75636-2	FCN3	O75636	1	member	1:O75636:reviewed_human	0.007728
120	Q08380;B4DVE1;B4DI70	LGALS3BP	Q08380	1	member	1:Q08380:reviewed_human	0.008444
121	Q92820;E5RGF0	GGH	Q92820	1	member	1:Q92820:reviewed_human	0.000599
122	P06396	GSN	P06396	1	member	1:P06396:reviewed_human	0.259996
123	P22352	GPX3	P22352	1	member	1:P22352:reviewed_human	0.006516
124	P00738;Q0VAC5;I3L0D3;H3BS21	HP	P00738	1	member	1:P00738:reviewed_human	2.666957
125	P00739;P00739-2	HPR	P00739	1	member	1:P00739:reviewed_human	0.041441
126	P17066;P48741	HSPA6;HSPA7	P17066	1	member	1:P17066:reviewed_human	0.000100
127	P69905;G3V1N2	HBA1;HBA2	P69905	1	named_contaminant	1:P69905:reviewed_human	0.120777
128	P68871;F8W6P5	HBB	P68871	1	named_contaminant	1:P68871:reviewed_human	0.212899
129	P02042;E9PFT6;E9PEW8	HBD	P02042	1	named_contaminant	1:P02042:reviewed_human	0.000170
130	P69892;P69891;E9PBX7;E9PBW4	HBG2;HBG1	P69892	1	member	1:P69892:reviewed_human	0.000158
131	P02790;Q9BS19	HPX	P02790	1	member	1:P02790:reviewed_human	0.699159
132	P05546	SERPIND1	P05546	1	member	1:P05546:reviewed_human	0.085922
133	Q04756;D6RAR4;CON__ENSEMBL:ENSBTAP00000023055	HGFAC	Q04756	1	member	1:Q04756:reviewed_human	0.003292
134	P26927;G3XAK1;F5H0W9;Q2TV78	MST1;MST1L	P26927	1	member	1:P26927:reviewed_human	0.002610
135	P04196	HRG	P04196	1	member	1:P04196:reviewed_human	0.060375
136	P30455;P04439;P05534;Q5SUL6;Q5SRN7;E7ERM2;B0S7Z4;Q5SUL4;Q5SRN5;B0S7Z5;B0S7Z6;Q29960-2;Q29940;P30685;P30498;P30495;P30493;P30492;P30491;P30490;P30484;P30464;P18465;P18464;P10319;P30447;P30443;P16188;P13746;Q29960;P30510;P30508;P30504;P13746-2;P01892;P18462;P16189;P13747;Q9TNN7;P01889;P30460;P30501;P17693;P30466;A2BF26;F5GXQ3;E9PLQ4;F8VYX9;B4DVX9;F5H017;H0Y805;E9PLC1;H0Y7W0;H0Y7Q7;H0Y5Q6;H0Y5J2;H0Y4C2;H0Y7D1;H0Y671;H0Y5W5;H0Y5E5;H0Y4I7;F8VVT3;B4DUK6;Q31611;F6V8D7;F8VTQ8;B7Z760;F8VZP0;F8VPX3;F8VPA0;H3BM09;B0UXQ1;A9R9N8;A2BDY9;A2ARK8;F6RUR5;F6R3U9;B4DT81;E9PNV0;D0EV57;Q6ZUW0;F8W0J9;B0V0C2;Q6DU44;F8VU18;H3BM16;B0UXQ0;B0V0B9;B0UY12;A2BF24;Q5SPM3;A9R9N7;B0V0C1;B0UY14;A2BF25;B0UY15;F8VPA9;E7EWC3;E7EQP4;E7EQX5;E7ENZ6;E7EN49;Q5SPT7;Q95365;Q29836;Q29718;Q04826;P30488;P30487;P30485;P30483;P30481;P30480;P30479;P30475;P30462;P30461;P18463;P03989;P01893;P30512;P30459;P30457;P30456;P30453;P30450;P16190;P10316;P10314;P01891;Q29963;Q29865;Q07000;P30505;P04222;Q95604	HLA-A;HLA-C;HLA-B;HLA-E;HLA-G;HLA-G2.2;HLA-F;HLA-H	P04439	2	member_via_later_token	1:P30455:?/?; 2:P04439:reviewed_human	0.000267
137	Q14520;F5H5M6	HABP2	Q14520	1	member	1:Q14520:reviewed_human	0.007323
138	P01876	IGHA1	P01876	1	member	1:P01876:reviewed_human	2.226517
139	P01877	IGHA2	P01877	1	member	1:P01877:reviewed_human	0.023761
140	P01880;P01880-2	IGHD	P01880	1	member	1:P01880:reviewed_human	0.003315
141	P01857	IGHG1	P01857	1	member	1:P01857:reviewed_human	5.153900
142	P01859	IGHG2	P01859	1	member	1:P01859:reviewed_human	1.521619
143	P01860	IGHG3	P01860	1	member	1:P01860:reviewed_human	0.131963
144	P01861	IGHG4	P01861	1	member	1:P01861:reviewed_human	0.269318
145	P01742;P01761;P06326		P01742	1	member	1:P01742:reviewed_human	0.004522
146	P01743		P01743	1	member	1:P01743:reviewed_human	0.001469
147	P23083		P23083	1	member	1:P23083:reviewed_human	0.002906
148	P06331		P06331	1	member	1:P06331:reviewed_human	0.001352
149	P04438;P01814		P01814	2	member_via_later_token	1:P04438:?/?; 2:P01814:reviewed_human	0.006025
150	P01824		P01824	1	member	1:P01824:reviewed_human	0.002500
151	P01766		P01766	1	member	1:P01766:reviewed_human	0.093259
152	P01767		P01767	1	member	1:P01767:reviewed_human	0.005732
153	P01781;P01782		P01782	2	member_via_later_token	1:P01781:?/?; 2:P01782:reviewed_human	0.019983
154	P01780		P01780	1	member	1:P01780:reviewed_human	0.000892
155	P01772		P01772	1	member	1:P01772:reviewed_human	0.015155
156	P01775				no_reviewed_human_entry	1:P01775:?/?	0.002506
157	P01765				no_reviewed_human_entry	1:P01765:?/?	0.096358
158	P01764		P01764	1	member	1:P01764:reviewed_human	0.040492
159	P01776				no_reviewed_human_entry	1:P01776:?/?	0.000864
160	P01763		P01763	1	member	1:P01763:reviewed_human	0.003099
161	P01834	IGKC	P01834	1	member	1:P01834:reviewed_human	1.619481
162	P01594		P01594	1	member	1:P01594:reviewed_human	0.001006
163	P04430		P04430	1	member	1:P04430:reviewed_human	0.008214
164	P01597		P01597	1	member	1:P01597:reviewed_human	0.004651
165	P01598;P01596				no_reviewed_human_entry	1:P01598:?/?; 2:P01596:?/?	0.055859
166	P01602	IGKV1-5	P01602	1	member	1:P01602:reviewed_human	0.002792
167	P01603				no_reviewed_human_entry	1:P01603:?/?	0.002345
168	P01604				no_reviewed_human_entry	1:P01604:?/?	0.002678
169	P01612				no_reviewed_human_entry	1:P01612:?/?	0.006605
170	P01613				no_reviewed_human_entry	1:P01613:?/?	0.027446
171	P01608				no_reviewed_human_entry	1:P01608:?/?	0.065422
172	P01609				no_reviewed_human_entry	1:P01609:?/?	0.000077
173	P01610				no_reviewed_human_entry	1:P01610:?/?	0.000603
174	P01611		P01611	1	member	1:P01611:reviewed_human	0.008900
175	P06309				no_reviewed_human_entry	1:P06309:?/?	0.131876
176	P06310		P06310	1	member	1:P06310:reviewed_human	0.034482
177	P01619		P01619	1	member	1:P01619:reviewed_human	0.003474
178	P04207;H7C1X1				no_reviewed_human_entry	1:P04207:?/?; 2:H7C1X1:?/?	0.009616
179	P04206				no_reviewed_human_entry	1:P04206:?/?	0.002158
180	P18135;P18136				no_reviewed_human_entry	1:P18135:?/?; 2:P18136:?/?	0.001366
181	P06311				no_reviewed_human_entry	1:P06311:?/?	0.005567
182	P01621				no_reviewed_human_entry	1:P01621:?/?	0.008948
183	P01624		P01624	1	member	1:P01624:reviewed_human	0.037727
184	P01620				no_reviewed_human_entry	1:P01620:?/?	0.000774
185	P04433		P04433	1	member	1:P04433:reviewed_human	0.191633
186	P01623				no_reviewed_human_entry	1:P01623:?/?	0.606549
187	P01625;P06314				no_reviewed_human_entry	1:P01625:?/?; 2:P06314:?/?	0.072587
188	P06312;P06313;P83593	IGKV4-1	P06312	1	member	1:P06312:reviewed_human	0.081574
189	P04211		P04211	1	member	1:P04211:reviewed_human	0.034344
190	P06888				no_reviewed_human_entry	1:P06888:?/?	0.002400
191	P01701		P01701	1	member	1:P01701:reviewed_human	0.000862
192	P01703		P01703	1	member	1:P01703:reviewed_human	0.051972
193	P01702;P06316				no_reviewed_human_entry	1:P01702:?/?; 2:P06316:?/?	0.021466
194	P01699		P01699	1	member	1:P01699:reviewed_human	0.000108
195	P04208;P01700		P01700	2	member_via_later_token	1:P04208:?/?; 2:P01700:reviewed_human	0.011113
196	P01708				no_reviewed_human_entry	1:P01708:?/?	0.015754
197	P04209				no_reviewed_human_entry	1:P04209:?/?	0.006782
198	P80748		P80748	1	member	1:P80748:reviewed_human	0.092535
199	P01714		P01714	1	member	1:P01714:reviewed_human	0.016114
200	P01717		P01717	1	member	1:P01717:reviewed_human	0.015666
201	P01719;P01720				no_reviewed_human_entry	1:P01719:?/?; 2:P01720:?/?	0.021550
202	P06317				no_reviewed_human_entry	1:P06317:?/?	0.000119
203	P06318;P06319				no_reviewed_human_entry	1:P06318:?/?; 2:P06319:?/?	0.002665
204	P0CG05;P0CG06	IGLC2;IGLC3			no_reviewed_human_entry	1:P0CG05:?/?; 2:P0CG06:?/?; gene:IGLC2;IGLC3:ambiguous:P0DOY2;P0DOY3	1.452299
205	A0M8Q6	IGLC7	A0M8Q6	1	member	1:A0M8Q6:reviewed_human	0.008486
206	P01871;P01871-2;P04220	IGHM	P01871	1	member	1:P01871:reviewed_human	2.138976
207	Q9Y6R7	FCGBP	Q9Y6R7	1	member	1:Q9Y6R7:reviewed_human	0.000634
208	P01591;C9JA05;D6RHJ6;D6RD17	IGJ	P01591	1	member	1:P01591:reviewed_human	0.075018
209	P15814	IGLL1	P15814	1	member	1:P15814:reviewed_human	0.003699
210	B9A064;P0CG04	IGLL5;IGLC1	B9A064	1	member	1:B9A064:reviewed_human	0.974913
211	P17936;H0Y5K2;B3KTS0;B3KWK7;F5H4S6;B3KRZ1;C9JMX4;H0Y485	IGFBP3	P17936	1	member	1:P17936:reviewed_human	0.002866
212	P35858;E9PGU3	IGFALS	P35858	1	member	1:P35858:reviewed_human	0.032526
213	P19827;B7Z549;F5H7E1;F5H165	ITIH1	P19827	1	member	1:P19827:reviewed_human	0.356169
214	P19823;Q5T985	ITIH2	P19823	1	member	1:P19823:reviewed_human	0.597442
215	Q06033;C9JX84;Q06033-2;A8MXF4;F5H6B4;E7ET33	ITIH3	Q06033	1	member	1:Q06033:reviewed_human	0.063944
216	Q14624-2;E9PGN5;F5H194;H7C0L5	ITIH4	Q14624	1	member	1:Q14624:reviewed_human	0.000888
217	Q14624	ITIH4	Q14624	1	member_duplicate_entry	1:Q14624:reviewed_human	0.550232
218	P13598	ICAM2	P13598	1	member	1:P13598:reviewed_human	0.000455
219	Q9NPH3;Q9NPH3-3;Q9NPH3-2;Q9NPH3-5;C9J1D9;C9JT28	IL1RAP	Q9NPH3	1	member	1:Q9NPH3:reviewed_human	0.000163
220	P29622	SERPINA4	P29622	1	member	1:P29622:reviewed_human	0.022992
221	P13645;CON__P13645	KRT10	P13645	1	keratin	1:P13645:reviewed_human	0.000023
222	P08779;CON__P08779	KRT16	P08779	1	keratin	1:P08779:reviewed_human	0.000094
223	P35527;CON__P35527	KRT9	P35527	1	keratin	1:P35527:reviewed_human	0.000039
224	P04264;CON__P04264	KRT1	P04264	1	keratin	1:P04264:reviewed_human	0.000993
225	CON__P35908;P35908	KRT2			contaminant_group		0.000090
226	P19013;F5H8K9;CON__P19013;F8VS64	KRT4	P19013	1	keratin	1:P19013:reviewed_human	0.000238
227	P13647;CON__P13647;E7EU87	KRT5	P13647	1	keratin	1:P13647:reviewed_human	0.004019
228	P48668;E7EQV7;CON__P48668;CON__P04259	KRT6C	P48668	1	keratin	1:P48668:reviewed_human	0.000129
229	B4DPP8;P01042-2;C9JEX1	KNG1	P01042	2	member_via_later_token	1:B4DPP8:unreviewed/9606; 2:P01042:reviewed_human	0.047181
230	P01042	KNG1	P01042	1	member_duplicate_entry	1:P01042:reviewed_human	0.295009
231	P02750;B4E1I8	LRG1	P02750	1	member	1:P02750:reviewed_human	0.149905
232	P18428;Q8TCF0	LBP	P18428	1	member	1:P18428:reviewed_human	0.011315
233	P07195;C9J7H8;A8MW50	LDHB	P07195	1	member	1:P07195:reviewed_human	0.000494
234	P08637;H0Y755;E9PG94;C9JC71	FCGR3A	P08637	1	member	1:P08637:reviewed_human	0.000592
235	P14151;P14151-2	SELL	P14151	1	member	1:P14151:reviewed_human	0.002583
236	P51884	LUM	P51884	1	member	1:P51884:reviewed_human	0.035585
237	Q9Y5Y7	LYVE1	Q9Y5Y7	1	member	1:Q9Y5Y7:reviewed_human	0.000839
238	P13473;P13473-2;B4E2S7;P13473-3;B7Z2R9;H0YCG2	LAMP2	P13473	1	member	1:P13473:reviewed_human	0.000048
239	P61626;F8VV32	LYZ	P61626	1	member	1:P61626:reviewed_human	0.001292
240	P07333;E9PEK4;B5A955	CSF1R	P07333	1	member	1:P07333:reviewed_human	0.000122
241	P48740-4;P48740-2;F5H2J0;F8W876;P48740-3	MASP1	P48740	1	member	1:P48740:reviewed_human	0.001101
242	O00187;O00187-2	MASP2	O00187	1	member	1:O00187:reviewed_human	0.000488
243	P11226	MBL2	P11226	1	member	1:P11226:reviewed_human	0.005603
244	P33908;Q6P052	MAN1A1	P33908	1	member	1:P33908:reviewed_human	0.000316
245	P10721;P10721-2;P10721-3	KIT	P10721	1	member	1:P10721:reviewed_human	0.000115
246	Q16853	AOC3	Q16853	1	member	1:Q16853:reviewed_human	0.000103
247	P11137;P11137-3;P11137-4;P11137-2;A8MZ31;E7EV03	MAP2	P11137	1	member	1:P11137:reviewed_human	0.000666
248	P08571;D6RFL4	CD14	P08571	1	member	1:P08571:reviewed_human	0.002230
249	B4E394;Q9UNW1	MINPP1	Q9UNW1	2	member_via_later_token	1:B4E394:unreviewed/9606; 2:Q9UNW1:reviewed_human	0.001107
250	Q96PD5;Q96PD5-2	PGLYRP2	Q96PD5	1	member	1:Q96PD5:reviewed_human	0.017027
251	P13591;P13591-3;P13591-1;H7BYX6;P13591-5;P13591-4;E9PLH7;P13591-6	NCAM1	P13591	1	member	1:P13591:reviewed_human	0.000212
252	O00533;O00533-2	CHL1	O00533	1	member	1:O00533:reviewed_human	0.000174
253	Q99784;F5H810;Q6IMJ5;Q99784-3;H0YFB9	OLFM1	Q99784	1	member	1:Q99784:reviewed_human	0.000593
254	Q96CV9;Q96CV9-3;Q96CV9-2	OPTN	Q96CV9	1	member	1:Q96CV9:reviewed_human	0.015255
255	O95497	VNN1	O95497	1	member	1:O95497:reviewed_human	0.000135
256	Q6UXB8;Q6UXB8-2	PI16	Q6UXB8	1	member	1:Q6UXB8:reviewed_human	0.002436
257	Q06830	PRDX1	Q06830	1	member	1:Q06830:reviewed_human	0.000821
258	P32119;A6NIW5	PRDX2	P32119	1	member	1:P32119:reviewed_human	0.000546
259	P04180	LCAT	P04180	1	member	1:P04180:reviewed_human	0.002114
260	P80108	GPLD1	P80108	1	member	1:P80108:reviewed_human	0.014599
261	P55058;B3KUE5;E7EV16;P55058-2	PLTP	P55058	1	member	1:P55058:reviewed_human	0.003948
262	Q9H5I5;Q9H5I5-4;D6RFZ0;Q9H5I5-3;Q9H5I5-2	PIEZO2	Q9H5I5	1	member	1:Q9H5I5:reviewed_human	0.000623
263	P36955;I3L3M1	SERPINF1	P36955	1	member	1:P36955:reviewed_human	0.053903
264	Q9BTY2;Q7Z6V1	FUCA2	Q9BTY2	1	member	1:Q9BTY2:reviewed_human	0.000076
265	P03952;H0YAC1;E7EQA8;E9PBC5	KLKB1	P03952	1	member	1:P03952:reviewed_human	0.047970
266	P05155;B4E1F0;B4E1H2;H9KV48;E9PGN7	SERPING1	P05155	1	member	1:P05155:reviewed_human	0.232236
267	P05154;F5H6K7;E9PHH2;G3V5Q9	SERPINA5	P05154	1	member	1:P05154:reviewed_human	0.006673
268	P00747	PLG	P00747	1	member	1:P00747:reviewed_human	0.125741
269	P13796	LCP1	P13796	1	member	1:P13796:reviewed_human	0.000297
270	P02775	PPBP	P02775	1	member	1:P02775:reviewed_human	0.000205
271	P10720;P02776	PF4V1;PF4	P10720	1	member	1:P10720:reviewed_human	0.000126
272	P07359;E7ES66	GP1BA	P07359	1	member	1:P07359:reviewed_human	0.000428
273	Q13093	PLA2G7	Q13093	1	member	1:Q13093:reviewed_human	0.000209
274	P20742;P20742-2	PZP	P20742	1	member	1:P20742:reviewed_human	0.007402
275	Q9UHG3;B7Z3Y2;B7Z9P8;F8W8W4;C9K055	PCYOX1	Q9UHG3	1	member	1:Q9UHG3:reviewed_human	0.000334
276	P27918;E9PAQ1	CFP	P27918	1	member	1:P27918:reviewed_human	0.000562
277	Q8NBP7;B4DEZ9;F5GWF0;Q8NBP7-2	PCSK9	Q8NBP7	1	member	1:Q8NBP7:reviewed_human	0.000141
278	P41222;H0Y5A1;F8W7I2;Q5SQ11	PTGDS	P41222	1	member	1:P41222:reviewed_human	0.000847
279	P02760;B7Z8R6	AMBP	P02760	1	member	1:P02760:reviewed_human	0.034502
280	P05109	S100A8	P05109	1	member	1:P05109:reviewed_human	0.000107
281	P06702	S100A9	P06702	1	member	1:P06702:reviewed_human	0.000161
282	Q9UK55;G3V2W1	SERPINA10	Q9UK55	1	member	1:Q9UK55:reviewed_human	0.006329
283	Q92954;Q92954-4;Q92954-3;Q92954-6;Q92954-2;Q92954-5;E7EQ48	PRG4	Q92954	1	member	1:Q92954:reviewed_human	0.001731
284	P00734;E9PIT3	F2	P00734	1	member	1:P00734:reviewed_human	0.126552
285	A6NJ16	IGHV4OR15-8			no_reviewed_human_entry	1:A6NJ16:?/?; gene:IGHV4OR15-8:unmapped	0.005543
286	Q12913;Q9NPR5;Q12913-2	PTPRJ	Q12913	1	member	1:Q12913:reviewed_human	0.000159
287	P23470;P23470-2	PTPRG	P23470	1	member	1:P23470:reviewed_human	0.000105
288	Q99969;C9J8S2	RARRES2	Q99969	1	member	1:Q99969:reviewed_human	0.000247
289	P02753;Q5VY30;A6NCP9	RBP4	P02753	1	member	1:P02753:reviewed_human	0.005698
290	P49908;D6REX5;D6RIS9	SEPP1	P49908	1	member	1:P49908:reviewed_human	0.004429
291	P02787	TF	P02787	1	member	1:P02787:reviewed_human	4.069921
292	P02768;CON__P02768-1;E7ESU5;H0YA55;B7WNR0;D6RHD5;Q8IUK7;C9JKR2;P02768-2	ALB	P02768	1	member	1:P02768:reviewed_human	23.898793
293	P0DJI8;E9PQD6	SAA1	P0DJI8	1	member	1:P0DJI8:reviewed_human	0.026630
294	P0DJI9	SAA2	P0DJI9	1	member	1:P0DJI9:reviewed_human	0.000092
295	P35542	SAA4	P35542	1	member	1:P35542:reviewed_human	0.073626
296	P02743	APCS	P02743	1	member	1:P02743:reviewed_human	0.042398
297	P27169;F5H4W9	PON1	P27169	1	member	1:P27169:reviewed_human	0.174210
298	Q15166;C9JZ99;F8WD41	PON3	Q15166	1	member	1:Q15166:reviewed_human	0.001042
299	P04278;I3L145;B4DYU0;P04278-2;F5H5Z8;I3L1N7;I3L1J1;B0FWH4;E9PGW1;I3L2X4;I3L2F1;B0FWH5;E9PH59	SHBG	P04278	1	member	1:P04278:reviewed_human	0.009008
300	Q14515;B4E2Z0	SPARCL1	Q14515	1	member	1:Q14515:reviewed_human	0.000190
301	Q9NY15;Q9NY15-2	STAB1	Q9NY15	1	member	1:Q9NY15:reviewed_human	0.003311
302	O00391;O00391-2	QSOX1	O00391	1	member	1:O00391:reviewed_human	0.001323
303	P22105;H0Y6M7;H0Y3W5;G5E9A9;B0V046;B0UYX3;E7EWZ8;E7EU03;E7EPQ1;E7EPZ9;P22105-3;P22105-2	TNXB	P22105	1	member	1:P22105:reviewed_human	0.000758
304	E9PHK0;P05452	CLEC3B	P05452	2	member_via_later_token	1:E9PHK0:unreviewed/9606; 2:P05452:reviewed_human	0.006030
305	P05543	SERPINA7	P05543	1	member	1:P05543:reviewed_human	0.025564
306	Q7KZ85;Q7KZ85-2;Q7KZ85-3	SUPT6H	Q7KZ85	1	member	1:Q7KZ85:reviewed_human	0.000041
307	P02786;G3V0E5;F5H6B1	TFRC	P02786	1	member	1:P02786:reviewed_human	0.000459
308	Q15582;G8JLA8;B9ZVW9;H0Y8L3	TGFBI	Q15582	1	member	1:Q15582:reviewed_human	0.004536
309	P02766;E7EW61;F5H868	TTR	P02766	1	member	1:P02766:reviewed_human	0.554263
310	Q6P387;Q6P387-2	C16orf46	Q6P387	1	member	1:Q6P387:reviewed_human	0.001182
311	P19320;E9PDD1;P19320-2;E9PDD2	VCAM1	P19320	1	member	1:P19320:reviewed_human	0.000700
312	Q6EMK4	VASN	Q6EMK4	1	member	1:Q6EMK4:reviewed_human	0.000767
313	P02774;P02774-2	GC	P02774	1	member	1:P02774:reviewed_human	0.037227
314	D6RF35;D6RAK8;D6RBJ7	GC			no_reviewed_human_entry	1:D6RF35:unreviewed/9606; 2:D6RAK8:?/?; 3:D6RBJ7:unreviewed/9606; gene:GC:ambiguous:P02774;P04062;P38435	0.425193
315	P04070;F5H880;E7END6;B4DPQ7;H7BYX9	PROC	P04070	1	member	1:P04070:reviewed_human	0.001128
316	P07225;G5E9F8	PROS1	P07225	1	member	1:P07225:reviewed_human	0.028181
317	P22891;P22891-2	PROZ	P22891	1	member	1:P22891:reviewed_human	0.002344
318	P04004	VTN	P04004	1	member	1:P04004:reviewed_human	0.193710
319	P04275	VWF	P04275	1	member	1:P04275:reviewed_human	0.008399
320	P12955;E9PCE8;P12955-2	PEPD	P12955	1	member	1:P12955:reviewed_human	0.000371
321	P25311;C9JEV0	AZGP1	P25311	1	member	1:P25311:reviewed_human	0.038466
322	B7ZKJ8;F5GXQ1	ITIH4	Q14624	gene	member_duplicate_entry	1:B7ZKJ8:unreviewed/9606; 2:F5GXQ1:?/?; gene:ITIH4:Q14624	0.000622
324		*-Symbol indicates proteins, identified by single pedptides after matching with the library.			empty_identity		
