accession	tier	subtree_annotations	evidence_codes
A0A1B0GWK0	1	GO:0005861(IBA:GO_Central)	IBA
A1L4K1	2	GO:0016529(ISS:UniProtKB)	ISS
A2IDD5	2	GO:0016529(IDA:UniProtKB)	IDA
A2RUH7	1	GO:0036379(IDA:UniProtKB);GO:0030017(IEA:UniProtKB-SubCell)	IDA;IEA
A4UGR9	1	GO:0030018(IEA:Ensembl)	IEA
A6NNS2	2	GO:0014801(ISS:UniProtKB);GO:0033017(ISS:UniProtKB)	ISS
A7E2Y1	1	GO:0097512(IEA:Ensembl)	IEA
A8MU46	1	GO:0031674(IEA:UniProtKB-SubCell);GO:0031430(IEA:UniProtKB-SubCell)	IEA
O00151	1	GO:0030018(IDA:UniProtKB)	IDA
O00165	2	GO:0016529(ISS:UniProtKB)	ISS
O00499	1	GO:0031674(ISS:Alzheimers_University_of_Toronto);GO:0030018(ISS:Alzheimers_University_of_Toronto)	ISS
O00631	2	GO:0016529(IDA:UniProtKB);GO:0033017(EXP:UniProtKB)	EXP;IDA
O00757	1	GO:0030018(IEA:UniProtKB-SubCell)	IEA
O14950	1	GO:0030016(IBA:GO_Central);GO:0030018(IEA:Ensembl)	IBA;IEA
O14958	1	GO:0030018(ISS:BHF-UCL)	ISS
O14958	2	GO:0030314(IEA:Ensembl);GO:0014701(TAS:BHF-UCL);GO:0016529(ISS:BHF-UCL);GO:0033018(IBA:GO_Central);GO:0033017(TAS:Reactome)	IBA;IEA;ISS;TAS
O14974	1	GO:0031672(ISS:UniProtKB);GO:0030018(ISS:UniProtKB)	ISS
O14983	1	GO:0031673(IDA:UniProtKB);GO:0031674(IDA:UniProtKB)	IDA
O14983	2	GO:0016529(ISS:UniProtKB);GO:0033017(ISS:UniProtKB)	ISS
O15061	1	GO:0043034(IDA:UniProtKB)	IDA
O15273	1	GO:0031674(ISS:BHF-UCL);GO:1990733(IPI:ComplexPortal);GO:0030018(IDA:BHF-UCL)	IDA;IPI;ISS
O43707	1	GO:0030018(IBA:GO_Central)	IBA
O43819	1	GO:0030016(IDA:MGI)	IDA
O43852	2	GO:0033018(IEA:UniProtKB-SubCell)	IEA
O60237	1	GO:0031672(ISS:UniProtKB);GO:0030018(ISS:UniProtKB)	ISS
O60662	1	GO:0031430(ISS:UniProtKB)	ISS
O60662	2	GO:0033017(IDA:UniProtKB)	IDA
O60706	1	GO:0030017(IEA:Ensembl)	IEA
O60936	2	GO:0016529(ISS:UniProtKB)	ISS
O75052	1	GO:0030018(ISS:BHF-UCL)	ISS
O75052	2	GO:0033017(ISS:BHF-UCL)	ISS
O75112	1	GO:0030018(IDA:MGI)	IDA
O75147	1	GO:0031430(TAS:BHF-UCL);GO:0030018(TAS:BHF-UCL)	TAS
O75190	1	GO:0030018(IDA:UniProtKB)	IDA
O75298	1	GO:0030018(ISS:UniProtKB)	ISS
O75298	2	GO:0033017(ISS:UniProtKB);GO:0014802(ISS:UniProtKB)	ISS
O75369	1	GO:0030018(IEA:UniProtKB-SubCell)	IEA
O75628	1	GO:0031674(IEA:Ensembl)	IEA
O75880	1	GO:0030016(IDA:MGI)	IDA
O76003	1	GO:0030018(IEA:UniProtKB-SubCell)	IEA
O76041	1	GO:0031674(NAS:UniProtKB);GO:0030018(IDA:UniProtKB)	IDA;NAS
O94875	1	GO:0030018(NAS:UniProtKB)	NAS
O95393	1	GO:0030018(IDA:BHF-UCL)	IDA
O95425	1	GO:0043034(IDA:UniProtKB)	IDA
O95479	2	GO:0016529(IEA:Ensembl)	IEA
O95749	1	GO:0030018(IMP:UniProtKB)	IMP
O95817	1	GO:0030018(IEA:Ensembl)	IEA
P02144	2	GO:0016528(IDA:UniProtKB)	IDA
P02511	1	GO:0097512(IEA:Ensembl);GO:0031430(IEA:Ensembl);GO:0030018(IEA:Ensembl)	IEA
P02585	1	GO:0005861(IDA:UniProtKB)	IDA
P02730	1	GO:0030018(ISS:UniProtKB)	ISS
P04075	1	GO:0031674(TAS:BHF-UCL);GO:0031430(IEA:UniProtKB-SubCell)	IEA;TAS
P04792	1	GO:0030018(IEA:Ensembl)	IEA
P05413	2	GO:0016528(IEA:Ensembl)	IEA
P05787	1	GO:0030018(IEA:Ensembl)	IEA
P05976	1	GO:0030016(IDA:BHF-UCL);GO:0030017(NAS:BHF-UCL)	IDA;NAS
P06396	2	GO:0016528(IDA:UniProtKB)	IDA
P06733	1	GO:0031430(IEA:UniProtKB-SubCell)	IEA
P06753	1	GO:0005862(TAS:UniProtKB)	TAS
P07451	1	GO:0030017(IEA:Ensembl)	IEA
P07951	1	GO:0005862(TAS:ProtInc)	TAS
P07996	2	GO:0016529(ISS:UniProtKB)	ISS
P08253	1	GO:0030017(IEA:Ensembl)	IEA
P08590	1	GO:0031672(IDA:BHF-UCL);GO:0031674(IDA:BHF-UCL);GO:0030017(TAS:BHF-UCL)	IDA;TAS
P08727	1	GO:0043034(IDA:UniProtKB);GO:0030018(IEA:Ensembl)	IDA;IEA
P09493	1	GO:0005862(TAS:ProtInc);GO:0030017(TAS:BHF-UCL)	TAS
P0CAP1	1	GO:0031674(ISS:UniProtKB);GO:0030018(IEA:UniProtKB-SubCell)	IEA;ISS
P0CAP2	1	GO:0031674(IBA:GO_Central)	IBA
P0DMT0	2	GO:0033017(ISS:UniProtKB)	ISS
P0DN84	2	GO:0033017(ISS:UniProtKB)	ISS
P0DP23	1	GO:0030017(IDA:BHF-UCL)	IDA
P0DP24	1	GO:0030017(IDA:BHF-UCL)	IDA
P0DP25	1	GO:0030017(IDA:BHF-UCL)	IDA
P10916	1	GO:0031672(IEA:UniProtKB-SubCell);GO:0097512(IDA:CAFA);GO:0030016(IBA:GO_Central);GO:0030017(TAS:BHF-UCL)	IBA;IDA;IEA;TAS
P11055	1	GO:0030017(NAS:BHF-UCL)	NAS
P11166	1	GO:0030018(IEA:Ensembl)	IEA
P11532	1	GO:0043034(IDA:UniProtKB);GO:0030018(ISS:BHF-UCL)	IDA;ISS
P12109	1	GO:0030016(IEA:Ensembl)	IEA
P12109	2	GO:0016529(IEA:Ensembl)	IEA
P12814	1	GO:0030018(IDA:UniProtKB)	IDA
P12829	1	GO:0031672(IMP:BHF-UCL)	IMP
P12882	1	GO:0031672(IEA:Ensembl);GO:0030017(NAS:ComplexPortal)	IEA;NAS
P12883	1	GO:0030016(ISS:UniProtKB);GO:0030017(ISS:UniProtKB);GO:0030018(IEA:Ensembl)	IEA;ISS
P13533	1	GO:0030016(ISS:BHF-UCL);GO:0030017(TAS:HGNC-UCL);GO:0030018(IEA:Ensembl)	IEA;ISS;TAS
P13535	1	GO:0030017(IC:BHF-UCL)	IC
P13805	1	GO:0005861(IDA:UniProtKB)	IDA
P14625	2	GO:0033018(ISS:UniProtKB)	ISS
P14672	2	GO:0016529(IEA:Ensembl)	IEA
P14923	1	GO:0030018(IEA:Ensembl)	IEA
P15172	1	GO:0030016(IEA:Ensembl)	IEA
P15382	1	GO:0030018(ISS:BHF-UCL)	ISS
P16157	1	GO:0031430(IEA:UniProtKB-SubCell);GO:0030018(IEA:Ensembl)	IEA
P16157	2	GO:0016529(IEA:UniProtKB-SubCell)	IEA
P16298	1	GO:0030018(IEA:Ensembl)	IEA
P16615	2	GO:0014801(IDA:BHF-UCL);GO:0016529(IDA:BHF-UCL);GO:0033017(IDA:BHF-UCL)	IDA
P17661	1	GO:0097512(IDA:CAFA);GO:0030018(IDA:UniProtKB)	IDA
P18206	1	GO:0043034(IDA:MGI)	IDA
P19237	1	GO:0005861(IBA:GO_Central)	IBA
P19429	1	GO:0097512(IMP:CAFA);GO:1990584(IMP:CAFA);GO:0030017(TAS:BHF-UCL);GO:0005861(IDA:UniProtKB)	IDA;IMP;TAS
P20807	1	GO:0030016(ISS:UniProtKB);GO:0030018(ISS:UniProtKB)	ISS
P20929	1	GO:0030018(IDA:UniProtKB)	IDA
P21291	1	GO:0030018(IBA:GO_Central)	IBA
P21333	1	GO:0030018(ISS:BHF-UCL)	ISS
P21817	1	GO:0031674(IDA:UniProtKB);GO:0030018(IBA:GO_Central)	IBA;IDA
P21817	2	GO:0030314(IEA:Ensembl);GO:0014701(TAS:BHF-UCL);GO:1990425(ISS:UniProtKB);GO:0016529(ISS:BHF-UCL);GO:0033017(IDA:UniProtKB);GO:0014802(ISS:UniProtKB)	IDA;IEA;ISS;TAS
P22460	1	GO:0030018(IEA:Ensembl)	IEA
P23297	2	GO:0016529(IDA:UniProtKB)	IDA
P23327	1	GO:0030018(IDA:BHF-UCL)	IDA
P23327	2	GO:0033018(TAS:BHF-UCL);GO:0033017(IEA:Ensembl)	IEA;TAS
P23634	1	GO:0030018(IDA:BHF-UCL)	IDA
P24844	1	GO:0030016(IBA:GO_Central);GO:0030018(IEA:Ensembl)	IBA;IEA
P26678	2	GO:1990629(IPI:ComplexPortal);GO:0016529(IBA:GO_Central);GO:0033017(EXP:UniProtKB)	EXP;IBA;IPI
P27797	2	GO:0033018(ISS:UniProtKB)	ISS
P28161	2	GO:0016529(IDA:BHF-UCL)	IDA
P28289	1	GO:0030016(IDA:UniProtKB);GO:0030017(IDA:UniProtKB);GO:0005865(IDA:UniProtKB)	IDA
P29475	1	GO:0030018(IEA:Ensembl)	IEA
P29475	2	GO:0016529(IDA:BHF-UCL);GO:0033017(IEA:Ensembl)	IDA;IEA
P29536	1	GO:0030016(IDA:UniProtKB);GO:0030017(ISS:UniProtKB);GO:0005865(IBA:GO_Central)	IBA;IDA;ISS
P30626	1	GO:0030018(IDA:BHF-UCL)	IDA
P30626	2	GO:0016529(TAS:BHF-UCL);GO:0033017(IEA:UniProtKB-SubCell)	IEA;TAS
P31415	1	GO:0030018(IBA:GO_Central)	IBA
P31415	2	GO:0014701(IEA:Ensembl);GO:0016529(EXP:UniProtKB);GO:0033018(ISS:UniProtKB);GO:0033017(TAS:Reactome);GO:0014804(IEA:Ensembl)	EXP;IEA;ISS;TAS
P31431	1	GO:0043034(IEA:Ensembl)	IEA
P32418	1	GO:0030018(ISS:BHF-UCL)	ISS
P35222	1	GO:0030018(IEA:Ensembl)	IEA
P35443	2	GO:0016529(ISS:UniProtKB)	ISS
P35498	1	GO:0030018(ISS:BHF-UCL)	ISS
P35573	2	GO:0016529(IEA:Ensembl)	IEA
P35609	1	GO:0030018(IDA:UniProtKB)	IDA
P41145	2	GO:0016529(IEA:Ensembl)	IEA
P45378	1	GO:0005861(IDA:UniProtKB)	IDA
P45379	1	GO:0097512(IDA:CAFA);GO:1990584(IDA:CAFA);GO:0030017(TAS:BHF-UCL);GO:0005865(IDA:UniProtKB);GO:0005861(IDA:UniProtKB)	IDA;TAS
P47756	1	GO:0030017(IEA:UniProtKB-SubCell)	IEA
P47989	2	GO:0016529(IEA:Ensembl)	IEA
P48788	1	GO:0005861(IDA:UniProtKB)	IDA
P49257	1	GO:0030017(IEA:Ensembl)	IEA
P50461	1	GO:0030018(IDA:BHF-UCL)	IDA
P50479	1	GO:0030018(IBA:GO_Central)	IBA
P51114	1	GO:0043034(IEA:Ensembl)	IEA
P52179	1	GO:0031430(ISS:UniProtKB);GO:0005863(TAS:ProtInc)	ISS;TAS
P52961	2	GO:0033017(IEA:UniProtKB-SubCell)	IEA
P54289	2	GO:0016529(IEA:Ensembl)	IEA
P54296	1	GO:0031430(IBA:GO_Central)	IBA
P55145	2	GO:0033018(EXP:UniProtKB)	EXP
P56539	1	GO:0030018(IEA:Ensembl)	IEA
P57103	2	GO:0016528(IEA:UniProtKB-SubCell)	IEA
P60900	1	GO:0030016(ISS:BHF-UCL);GO:0030017(ISS:BHF-UCL)	ISS
P61313	1	GO:0031672(IEA:Ensembl)	IEA
P62942	1	GO:0030018(IDA:BHF-UCL)	IDA
P62942	2	GO:1990425(ISS:UniProtKB);GO:0016529(ISS:UniProtKB);GO:0033017(ISS:UniProtKB);GO:0014802(ISS:BHF-UCL)	ISS
P63261	1	GO:0030016(IEA:Ensembl)	IEA
P63316	1	GO:1990584(IDA:CAFA);GO:0030017(NAS:ComplexPortal);GO:0005861(IDA:UniProtKB)	IDA;NAS
P67936	1	GO:0005862(TAS:ProtInc)	TAS
P68032	1	GO:0031674(ISS:UniProtKB);GO:0030017(IDA:UniProtKB)	IDA;ISS
P68106	1	GO:0030018(IDA:BHF-UCL)	IDA
P68106	2	GO:0033017(IBA:GO_Central)	IBA
P68133	1	GO:0030017(IDA:UniProtKB);GO:0005865(IDA:UniProtKB)	IDA
P84077	1	GO:0030017(IEA:Ensembl)	IEA
Q00765	2	GO:0033017(ISS:UniProtKB)	ISS
Q00872	1	GO:0031430(IBA:GO_Central);GO:0030016(ISS:BHF-UCL)	IBA;ISS
Q01082	1	GO:0031430(IEA:UniProtKB-SubCell)	IEA
Q01449	1	GO:0031672(IDA:BHF-UCL);GO:0030016(IBA:GO_Central)	IBA;IDA
Q01484	1	GO:0031672(ISS:BHF-UCL);GO:0043034(ISS:BHF-UCL);GO:0031430(ISS:BHF-UCL);GO:0030018(ISS:BHF-UCL)	ISS
Q01668	1	GO:0030018(ISS:BHF-UCL)	ISS
Q03001	1	GO:0031673(IEA:UniProtKB-SubCell);GO:0030018(IDA:UniProtKB)	IDA;IEA
Q05682	1	GO:0030016(IEA:UniProtKB-SubCell)	IEA
Q06413	2	GO:0016528(IEA:UniProtKB-SubCell)	IEA
Q07343	1	GO:0030018(ISS:BHF-UCL)	ISS
Q08043	1	GO:0030018(IBA:GO_Central)	IBA
Q08209	1	GO:0030018(IEA:UniProtKB-SubCell)	IEA
Q08629	2	GO:0016528(ISS:UniProtKB)	ISS
Q09013	2	GO:0033017(ISS:UniProtKB)	ISS
Q09666	1	GO:0043034(ISS:CAFA)	ISS
Q0VAK6	1	GO:0031430(IDA:UniProtKB);GO:0005865(IDA:UniProtKB)	IDA
Q0ZGT2	1	GO:0030018(ISS:UniProtKB)	ISS
Q12792	1	GO:0030016(ISS:BHF-UCL)	ISS
Q12797	2	GO:0014701(TAS:BHF-UCL);GO:0033018(TAS:BHF-UCL);GO:0033017(TAS:BHF-UCL)	TAS
Q12955	1	GO:0043034(TAS:BHF-UCL);GO:0030018(ISS:BHF-UCL)	ISS;TAS
Q12955	2	GO:0016529(ISS:BHF-UCL)	ISS
Q13023	2	GO:0014701(ISS:BHF-UCL);GO:0016529(IDA:UniProtKB)	IDA;ISS
Q13049	1	GO:0005863(IEA:Ensembl)	IEA
Q13061	2	GO:0030314(ISS:BHF-UCL);GO:0014701(ISS:BHF-UCL);GO:0016529(ISS:BHF-UCL);GO:0033018(TAS:BHF-UCL);GO:0033017(EXP:UniProtKB)	EXP;ISS;TAS
Q13153	1	GO:0030018(ISS:UniProtKB)	ISS
Q13203	1	GO:0031430(IBA:GO_Central)	IBA
Q13418	1	GO:0030017(IEA:UniProtKB-SubCell)	IEA
Q13496	1	GO:0031674(IEA:Ensembl)	IEA
Q13501	1	GO:0030017(IEA:UniProtKB-SubCell)	IEA
Q13554	2	GO:0033017(IEA:UniProtKB-SubCell)	IEA
Q13555	2	GO:0033017(IEA:UniProtKB-SubCell)	IEA
Q13557	2	GO:0033017(IEA:UniProtKB-SubCell)	IEA
Q13586	2	GO:0016529(EXP:UniProtKB);GO:0033017(IDA:UniProtKB)	EXP;IDA
Q13643	1	GO:0030018(IBA:GO_Central)	IBA
Q13698	1	GO:0031674(IDA:UniProtKB)	IDA
Q13813	1	GO:0030018(IEA:Ensembl)	IEA
Q13936	1	GO:0030018(ISS:BHF-UCL)	ISS
Q14118	1	GO:0043034(IEA:Ensembl)	IEA
Q14192	1	GO:0030018(IBA:GO_Central)	IBA
Q14315	1	GO:0043034(TAS:BHF-UCL);GO:0030018(IEA:UniProtKB-SubCell)	IEA;TAS
Q14315	2	GO:0016528(IEA:Ensembl)	IEA
Q14324	1	GO:0031430(IBA:GO_Central)	IBA
Q14331	1	GO:0030018(IEA:UniProtKB-SubCell)	IEA
Q14524	1	GO:0030018(IDA:UniProtKB)	IDA
Q14571	2	GO:0016529(IBA:GO_Central);GO:0033017(IMP:BHF-UCL)	IBA;IMP
Q14573	2	GO:0016529(IBA:GO_Central)	IBA
Q14596	1	GO:0031430(IEA:UniProtKB-SubCell)	IEA
Q14643	2	GO:0016529(IBA:GO_Central)	IBA
Q14896	1	GO:0031672(IDA:BHF-UCL);GO:0014705(NAS:BHF-UCL);GO:0097512(IDA:CAFA);GO:0031430(IBA:GO_Central);GO:0030017(IDA:BHF-UCL);GO:0005863(IDA:BHF-UCL)	IBA;IDA;NAS
Q14BN4	1	GO:0031430(IEA:UniProtKB-SubCell);GO:0030018(IEA:UniProtKB-SubCell)	IEA
Q15124	1	GO:0043034(IDA:UniProtKB);GO:0030018(IEA:Ensembl)	IDA;IEA
Q15139	1	GO:0030018(IEA:Ensembl)	IEA
Q15149	1	GO:0043034(TAS:BHF-UCL);GO:0030018(IEA:Ensembl)	IEA;TAS
Q15149	2	GO:0016528(ISS:BHF-UCL)	ISS
Q15172	1	GO:0031430(ISS:BHF-UCL);GO:0030018(IDA:BHF-UCL)	IDA;ISS
Q15327	1	GO:0031674(ISS:BHF-UCL)	ISS
Q15413	1	GO:0030018(IBA:GO_Central)	IBA
Q15413	2	GO:0030314(IEA:Ensembl);GO:0033017(ISS:UniProtKB)	IEA;ISS
Q15842	1	GO:0030016(IEA:Ensembl)	IEA
Q16527	1	GO:0030018(IBA:GO_Central)	IBA
Q16637	1	GO:0030018(IEA:UniProtKB-SubCell)	IEA
Q2TBA0	1	GO:0031672(IBA:GO_Central);GO:0031674(IBA:GO_Central)	IBA
Q2TBC4	1	GO:0030018(IBA:GO_Central)	IBA
Q2V2M9	1	GO:0030018(IEA:UniProtKB-SubCell)	IEA
Q53GG5	1	GO:0030018(IBA:GO_Central)	IBA
Q5BKX8	1	GO:0030018(IEA:Ensembl)	IEA
Q5BKY1	1	GO:0030017(IBA:GO_Central)	IBA
Q5JQC9	1	GO:0030018(IEA:Ensembl)	IEA
Q5JVS0	1	GO:0030017(ISS:UniProtKB)	ISS
Q5JVS0	2	GO:0016528(IEA:UniProtKB-SubCell)	IEA
Q5TD97	1	GO:0030018(IBA:GO_Central)	IBA
Q5VST9	1	GO:0031430(ISS:BHF-UCL);GO:0030016(NAS:BHF-UCL);GO:0030018(ISS:BHF-UCL)	ISS;NAS
Q5VTT5	1	GO:0031430(ISS:UniProtKB)	ISS
Q5VU43	1	GO:0030016(ISS:UniProtKB)	ISS
Q5VVH2	2	GO:0033017(IBA:GO_Central)	IBA
Q5VZP5	1	GO:0030017(IEA:UniProtKB-SubCell)	IEA
Q6H8Q1	1	GO:0030016(IEA:Ensembl)	IEA
Q6IBS0	1	GO:0030016(ISS:BHF-UCL)	ISS
Q6P050	1	GO:0030018(IEA:UniProtKB-SubCell)	IEA
Q6P5Q4	1	GO:0031430(IEA:UniProtKB-SubCell);GO:0030016(IDA:UniProtKB);GO:0030017(IDA:UniProtKB);GO:0005865(IBA:GO_Central)	IBA;IDA;IEA
Q6UXF7	2	GO:0016529(TAS:UniProtKB)	TAS
Q711Q0	1	GO:0030018(ISS:UniProtKB)	ISS
Q86SG2	1	GO:0031674(IEA:Ensembl)	IEA
Q86TC9	1	GO:0031674(IDA:BHF-UCL);GO:0030018(IDA:UniProtKB)	IDA
Q86TD4	2	GO:0033018(ISS:UniProtKB);GO:0033017(ISS:UniProtKB)	ISS
Q86VF2	1	GO:0030018(ISS:UniProtKB)	ISS
Q86VF7	1	GO:0030018(IBA:GO_Central)	IBA
Q86VW2	1	GO:0030016(ISS:UniProtKB);GO:0030017(IEA:UniProtKB-SubCell)	IEA;ISS
Q86YM7	1	GO:0043034(IEA:Ensembl);GO:0030018(IEA:Ensembl)	IEA
Q8IUG5	1	GO:0030018(IEA:Ensembl)	IEA
Q8IVL5	2	GO:0016529(IEA:UniProtKB-SubCell)	IEA
Q8IWX7	1	GO:0031672(IEA:UniProtKB-SubCell);GO:0030018(IEA:UniProtKB-SubCell)	IEA
Q8IWX8	2	GO:0033017(ISS:UniProtKB)	ISS
Q8N0Z2	1	GO:0030017(ISS:HGNC-UCL)	ISS
Q8N3K9	1	GO:0031430(IEA:UniProtKB-SubCell)	IEA
Q8N3K9	2	GO:0016529(ISS:UniProtKB)	ISS
Q8N3V7	1	GO:0030018(IBA:GO_Central)	IBA
Q8NBH2	1	GO:0030018(ISS:UniProtKB)	ISS
Q8NC69	1	GO:0031430(IEA:UniProtKB-SubCell)	IEA
Q8NDY3	1	GO:0030017(ISS:UniProtKB)	ISS
Q8NDZ2	1	GO:0030017(IDA:UniProtKB)	IDA
Q8NEW0	2	GO:0016529(ISS:UniProtKB);GO:0033017(ISS:UniProtKB)	ISS
Q8NEZ5	1	GO:0030018(IEA:UniProtKB-SubCell)	IEA
Q8NF91	1	GO:0030017(IDA:MGI)	IDA
Q8NF91	2	GO:0016529(IBA:GO_Central)	IBA
Q8TDC0	1	GO:0030018(IBA:GO_Central)	IBA
Q8WU10	1	GO:0030017(IDA:UniProtKB)	IDA
Q8WX93	1	GO:0030018(IDA:UniProtKB)	IDA
Q8WXH0	1	GO:0030017(IBA:GO_Central);GO:0030018(IDA:UniProtKB)	IBA;IDA
Q8WXH0	2	GO:0016529(IDA:UniProtKB);GO:0033017(IEA:UniProtKB-SubCell)	IDA;IEA
Q8WXH2	2	GO:0030314(IBA:GO_Central);GO:0014701(TAS:BHF-UCL)	IBA;TAS
Q8WZ42	1	GO:0031674(IDA:BHF-UCL);GO:0031430(IDA:BHF-UCL);GO:0005865(IDA:BHF-UCL);GO:1990733(IPI:ComplexPortal);GO:0030018(IDA:BHF-UCL)	IDA;IPI
Q92629	2	GO:0016529(IEA:Ensembl)	IEA
Q92736	1	GO:0031672(IEA:Ensembl);GO:0030018(IDA:BHF-UCL)	IDA;IEA
Q92736	2	GO:0014701(TAS:BHF-UCL);GO:1990425(IPI:ComplexPortal);GO:0016529(IDA:BHF-UCL);GO:0033017(ISS:UniProtKB)	IDA;IPI;ISS;TAS
Q92831	1	GO:0031672(IEA:Ensembl);GO:0031674(IEA:Ensembl)	IEA
Q92952	1	GO:0030018(IEA:UniProtKB-SubCell)	IEA
Q93084	2	GO:0016529(IDA:UniProtKB);GO:0033017(EXP:UniProtKB)	EXP;IDA
Q969P5	1	GO:0030018(IEA:Ensembl)	IEA
Q969Q1	1	GO:0031430(IMP:UniProtKB);GO:0030018(IMP:UniProtKB)	IMP
Q96AC1	1	GO:0031674(IEA:UniProtKB-SubCell)	IEA
Q96DD0	1	GO:0031430(IEA:UniProtKB-SubCell)	IEA
Q96HC4	1	GO:0030018(IBA:GO_Central)	IBA
Q96JJ6	2	GO:0030314(IBA:GO_Central);GO:0014701(TAS:BHF-UCL)	IBA;TAS
Q96JY6	1	GO:0030018(IBA:GO_Central)	IBA
Q96MG2	2	GO:0016529(IBA:GO_Central);GO:0033017(IEA:UniProtKB-SubCell)	IBA;IEA
Q96Q27	1	GO:0030018(ISS:UniProtKB)	ISS
Q9BR39	1	GO:0030018(IEA:Ensembl)	IEA
Q9BR39	2	GO:0030314(IBA:GO_Central);GO:0014701(TAS:BHF-UCL);GO:0016529(IBA:GO_Central);GO:0033017(ISS:UniProtKB)	IBA;ISS;TAS
Q9BVC6	2	GO:0033017(ISS:UniProtKB)	ISS
Q9BYV2	1	GO:0030018(IEA:UniProtKB-SubCell)	IEA
Q9C0I1	1	GO:0030017(IEA:UniProtKB-SubCell)	IEA
Q9C0I1	2	GO:0016529(ISS:UniProtKB)	ISS
Q9GZV1	1	GO:0031674(IEA:UniProtKB-SubCell)	IEA
Q9H1R3	1	GO:0030017(IC:BHF-UCL)	IC
Q9H2S1	1	GO:0030018(ISS:BHF-UCL)	ISS
Q9H6F2	2	GO:0033017(ISS:UniProtKB)	ISS
Q9H7C4	1	GO:0030018(IBA:GO_Central)	IBA
Q9H987	1	GO:0030018(ISS:BHF-UCL)	ISS
Q9HBI1	1	GO:0030018(IEA:UniProtKB-SubCell)	IEA
Q9HDC5	1	GO:0030018(IEA:Ensembl)	IEA
Q9HDC5	2	GO:0030314(IBA:GO_Central);GO:0014701(TAS:BHF-UCL);GO:0016529(IBA:GO_Central)	IBA;TAS
Q9NNX1	1	GO:0031674(IBA:GO_Central)	IBA
Q9NP98	1	GO:0030018(IBA:GO_Central)	IBA
Q9NPC6	1	GO:0030017(TAS:UniProtKB);GO:0030018(ISS:BHF-UCL)	ISS;TAS
Q9NR12	1	GO:0030018(IBA:GO_Central)	IBA
Q9NVD7	1	GO:0030018(IEA:UniProtKB-SubCell)	IEA
Q9NVV0	2	GO:0033017(IBA:GO_Central)	IBA
Q9NY72	1	GO:0030018(ISS:BHF-UCL)	ISS
Q9NYL9	1	GO:0005865(IBA:GO_Central)	IBA
Q9NZQ9	1	GO:0005865(IDA:UniProtKB)	IDA
Q9NZR1	1	GO:0005865(IBA:GO_Central)	IBA
Q9UBF9	1	GO:0030018(IDA:MGI)	IDA
Q9UDY4	1	GO:0030018(IDA:UniProtKB)	IDA
Q9UGI6	1	GO:0030018(IEA:UniProtKB-SubCell)	IEA
Q9UHP9	1	GO:0043034(IBA:GO_Central);GO:0031430(IBA:GO_Central)	IBA
Q9UJW0	1	GO:0030017(IEA:UniProtKB-SubCell)	IEA
Q9UKP3	1	GO:0030018(IBA:GO_Central)	IBA
Q9UKX2	1	GO:0030016(IDA:BHF-UCL);GO:0030017(NAS:BHF-UCL)	IDA;NAS
Q9UKX3	1	GO:0030016(IEA:UniProtKB-SubCell)	IEA
Q9UL15	2	GO:0030314(ISS:UniProtKB)	ISS
Q9ULV4	1	GO:0030017(IEA:UniProtKB-SubCell)	IEA
Q9UMS6	1	GO:0030018(IDA:UniProtKB)	IDA
Q9UNE7	1	GO:0030018(IBA:GO_Central)	IBA
Q9UQD0	1	GO:0030018(ISS:BHF-UCL)	ISS
Q9Y272	2	GO:0016529(IEA:Ensembl)	IEA
Q9Y281	1	GO:0031674(IDA:UniProtKB);GO:0030018(IDA:UniProtKB)	IDA
Q9Y2K3	1	GO:0030016(IEA:UniProtKB-SubCell)	IEA
Q9Y623	1	GO:0030016(IDA:BHF-UCL);GO:0030017(NAS:BHF-UCL)	IDA;NAS
Q9Y6A1	2	GO:0016529(IEA:Ensembl)	IEA
Q9Y6F6	2	GO:0016529(IEA:UniProtKB-SubCell)	IEA
