accession	gene	tier	n_chain_features	chain_features	master_ranges_union	length
O00468	AGRN	2	5	PRO_0000007471 'Agrin' 30-2068 | PRO_0000421613 'Agrin N-terminal 110 kDa subunit' 30-1102 | PRO_0000421614 'Agrin C-terminal 110 kDa subunit' 1103-2068 | PRO_0000421615 'Agrin C-terminal 90 kDa fragment' 1103-1863 | PRO_0000421616 'Agrin C-terminal 22 kDa fragment' 1864-2068	30-2068	2068
O00754	MAN2B1	2	6	PRO_0000012069 'Lysosomal alpha-mannosidase' 50-1011 | PRO_0000012070 'Lysosomal alpha-mannosidase A peptide' 50-345 | PRO_0000012071 'Lysosomal alpha-mannosidase B peptide' 346-429 | PRO_0000012072 'Lysosomal alpha-mannosidase C peptide' 430-601 | PRO_0000012073 'Lysosomal alpha-mannosidase D peptide' 602-882 | PRO_0000012074 'Lysosomal alpha-mannosidase E peptide' 883-1011	50-1011	1011
O14744	PRMT5	2	2	PRO_0000212342 'Protein arginine N-methyltransferase 5' 1-637 | PRO_0000417602 'Protein arginine N-methyltransferase 5, N-terminally processed' 2-637	1-637	637
O60313	OPA1	2	2	PRO_0000007397 'Dynamin-like GTPase OPA1, long form' 88-960 | PRO_0000253479 'Dynamin-like GTPase OPA1, short form' 195-960	88-960	960
O75531	BANF1	2	2	PRO_0000423190 'Barrier-to-autointegration factor' 1-89 | PRO_0000221026 'Barrier-to-autointegration factor, N-terminally processed' 2-89	1-89	89
O75787	ATP6AP2	2	3	PRO_0000022203 'Renin receptor' 17-350 | PRO_0000447864 'Renin receptor N-terminal fragment' 17-275 | PRO_0000447865 'Renin receptor C-terminal fragment' 278-350	17-350	350
O94925	GLS	2	2	PRO_0000011622 'Glutaminase kidney isoform, mitochondrial 68 kDa chain' 55-669 | PRO_0000447412 'Glutaminase kidney isoform, mitochondrial 65 kDa chain' 73-669	55-669	669
P00734	F2	2	3	PRO_0000028160 'Prothrombin' 44-622 | PRO_0000028163 'Thrombin light chain' 315-363 | PRO_0000028164 'Thrombin heavy chain' 364-622	44-622	622
P00738	HP	2	3	PRO_0000028456 'Haptoglobin' 19-406 | PRO_0000028457 'Haptoglobin alpha chain' 19-160 | PRO_0000028458 'Haptoglobin beta chain' 162-406	19-406	406
P00747	PLG	2	5	PRO_0000028053 'Plasminogen' 20-810 | PRO_0000028057 'Angiostatin' 79-466 | PRO_0000463834 'Plasmin' 97-810 | PRO_0000028054 'Plasmin heavy chain A' 97-580 | PRO_0000028058 'Plasmin light chain B' 581-810	20-810	810
P00748	F12	2	3	PRO_0000027833 'Coagulation factor XIIa heavy chain' 20-372 | PRO_0000027834 'Beta-factor XIIa part 1' 354-362 | PRO_0000027835 'Coagulation factor XIIa light chain' 373-615	20-615	615
P00750	PLAT	2	3	PRO_0000028350 'Tissue-type plasminogen activator' 36-562 | PRO_0000028351 'Tissue-type plasminogen activator chain A' 36-310 | PRO_0000028352 'Tissue-type plasminogen activator chain B' 311-562	36-562	562
P00751	CFB	2	3	PRO_0000027545 'Complement factor B' 26-764 | PRO_0000027546 'Complement factor B Ba' 26-259 | PRO_0000027547 'Complement factor B Bb' 260-764	26-764	764
P01011	SERPINA3	2	2	PRO_0000032411 'Alpha-1-antichymotrypsin' 24-423 | PRO_0000032412 'Alpha-1-antichymotrypsin His-Pro-less' 26-423	24-423	423
P01024	C3	2	12	PRO_0000005907 'Complement C3' 23-1663 | PRO_0000005908 'Complement C3 beta chain' 23-667 | PRO_0000430430 'C3-beta-c' 569-667 | PRO_0000005909 'Complement C3 alpha chain' 672-1663 | PRO_0000005910 'C3a anaphylatoxin' 672-748 | PRO_0000419935 'Acylation stimulating protein' 672-747 | PRO_0000005911 'Complement C3b' 749-1663 | PRO_0000005912 'Complement C3c alpha' chain fragment 1' 749-954 | PRO_0000005913 'Complement C3dg fragment' 955-1303 | PRO_0000005914 'Complement C3g fragment' 955-1001 | PRO_0000005915 'Complement C3d fragment' 1002-1303 | PRO_0000273948 'Complement C3c alpha' chain fragment 2' 1321-1663	23-1663	1663
P01031	C5	2	4	PRO_0000005985 'Complement C5 beta chain' 19-673 | PRO_0000005987 'Complement C5 alpha chain' 678-1676 | PRO_0000005988 'C5a anaphylatoxin' 678-751 | PRO_0000005989 'Complement C5b' 752-1676	19-673,678-1676	1676
P01040	CSTA	2	2	PRO_0000423202 'Cystatin-A' 1-98 | PRO_0000207128 'Cystatin-A, N-terminally processed' 2-98	1-98	98
P01042	KNG1	2	3	PRO_0000006685 'Kininogen-1' 19-644 | PRO_0000006686 'Kininogen-1 heavy chain' 19-380 | PRO_0000006689 'Kininogen-1 light chain' 390-644	19-644	644
P01116	KRAS	2	2	PRO_0000082641 'GTPase KRas' 1-186 | PRO_0000326480 'GTPase KRas, N-terminally processed' 2-186	1-186	189
P01833	PIGR	2	2	PRO_0000014900 'Polymeric immunoglobulin receptor' 19-764 | PRO_0000014901 'Secretory component' 19-603	19-764	764
P02458	COL2A1	2	2	PRO_0000005730 'Collagen alpha-1(II) chain' 182-1241 | PRO_0000005731 'Chondrocalcin' 1242-1487	182-1487	1487
P02462	COL4A1	2	2	PRO_0000005749 'Collagen alpha-1(IV) chain' 173-1669 | PRO_0000390482 'Arresten' 1445-1669	173-1669	1669
P02545	LMNA	2	2	PRO_0000398835 'Prelamin-A/C' 1-661 | PRO_0000063810 'Lamin-A/C' 1-646	1-661	664
P02647	APOA1	2	3	PRO_0000425323 'Proapolipoprotein A-I' 19-267 | PRO_0000001939 'Apolipoprotein A-I' 25-267 | PRO_0000001940 'Truncated apolipoprotein A-I' 25-266	19-267	267
P02652	APOA2	2	3	PRO_0000425351 'Proapolipoprotein A-II' 19-100 | PRO_0000002003 'Apolipoprotein A-II' 24-100 | PRO_0000002004 'Truncated apolipoprotein A-II' 24-99	19-100	100
P02654	APOC1	2	2	PRO_0000002014 'Apolipoprotein C-I' 27-83 | PRO_0000391843 'Truncated apolipoprotein C-I' 29-83	27-83	83
P02655	APOC2	2	2	PRO_0000002024 'Proapolipoprotein C-II' 23-101 | PRO_0000430839 'Apolipoprotein C-II' 29-101	23-101	101
P02743	APCS	2	2	PRO_0000023540 'Serum amyloid P-component' 20-223 | PRO_0000023541 'Serum amyloid P-component(1-203)' 20-222	20-223	223
P02748	C9	2	3	PRO_0000023602 'Complement component C9' 22-559 | PRO_0000023603 'Complement component C9a' 22-265 | PRO_0000023604 'Complement component C9b' 266-559	22-559	559
P02760	AMBP	2	3	PRO_0000017886 'Alpha-1-microglobulin' 20-203 | PRO_0000017887 'Inter-alpha-trypsin inhibitor light chain' 206-352 | PRO_0000318926 'Trypstatin' 284-344	20-203,206-352	352
P02765	AHSG	2	2	PRO_0000008887 'Alpha-2-HS-glycoprotein chain A' 19-300 | PRO_0000008889 'Alpha-2-HS-glycoprotein chain B' 341-367	19-300,341-367	367
P02786	TFRC	2	2	PRO_0000174132 'Transferrin receptor protein 1' 1-760 | PRO_0000292265 'Transferrin receptor protein 1, serum form' 101-760	1-760	760
P02794	FTH1	2	2	PRO_0000201048 'Ferritin heavy chain' 1-183 | PRO_0000424472 'Ferritin heavy chain, N-terminally processed' 2-183	1-183	183
P03952	KLKB1	2	2	PRO_0000028021 'Plasma kallikrein heavy chain' 20-390 | PRO_0000028022 'Plasma kallikrein light chain' 391-638	20-638	638
P04004	VTN	2	3	PRO_0000036394 'Vitronectin' 20-478 | PRO_0000036395 'Vitronectin V65 subunit' 20-398 | PRO_0000036397 'Vitronectin V10 subunit' 399-478	20-478	478
P04114	APOB	2	2	PRO_0000020750 'Apolipoprotein B-100' 28-4563 | PRO_0000020751 'Apolipoprotein B-48' 28-2179	28-4563	4563
P04181	OAT	2	2	PRO_0000001262 'Ornithine aminotransferase, hepatic form' 26-439 | PRO_0000001263 'Ornithine aminotransferase, renal form' 36-439	26-439	439
P04275	VWF	2	2	PRO_0000022682 'von Willebrand antigen 2' 23-763 | PRO_0000022683 'von Willebrand factor' 764-2813	23-2813	2813
P04280	PRB1	2	4	PRO_0000022129 'Basic salivary proline-rich protein 1' 17-392 | PRO_0000372441 'Proline-rich peptide II-2' 17-91 | PRO_0000022130 'Basic peptide IB-6' 275-392 | PRO_0000022131 'Peptide P-H' 337-392	17-392	392
P05141	SLC25A5	2	2	PRO_0000423220 'ADP/ATP translocase 2' 1-298 | PRO_0000090579 'ADP/ATP translocase 2, N-terminally processed' 2-298	1-298	298
P06756	ITGAV	2	3	PRO_0000016301 'Integrin alpha-V' 31-1048 | PRO_0000016302 'Integrin alpha-V heavy chain' 31-889 | PRO_0000016303 'Integrin alpha-V light chain' 891-1048	31-1048	1048
P07305	H1-0	2	2	PRO_0000423207 'Histone H1.0' 1-194 | PRO_0000195904 'Histone H1.0, N-terminally processed' 2-194	1-194	194
P07339	CTSD	2	3	PRO_0000025950 'Cathepsin D' 65-412 | PRO_0000025951 'Cathepsin D light chain' 65-162 | PRO_0000025952 'Cathepsin D heavy chain' 169-412	65-412	412
P07686	HEXB	2	3	PRO_0000012003 'Beta-hexosaminidase subunit beta' 122-556 | PRO_0000012004 'Beta-hexosaminidase subunit beta chain B' 122-311 | PRO_0000012005 'Beta-hexosaminidase subunit beta chain A' 315-556	122-556	556
P07858	CTSB	2	3	PRO_0000026144 'Cathepsin B' 80-333 | PRO_0000026145 'Cathepsin B light chain' 80-126 | PRO_0000026146 'Cathepsin B heavy chain' 129-333	80-333	339
P08253	MMP2	1	2	PRO_0000028715 '72 kDa type IV collagenase' 110-660 | PRO_0000391626 'PEX' 445-660	110-660	660
P08311	CTSG	2	2	PRO_0000027513 'Cathepsin G' 21-244 | PRO_0000454551 'Cathepsin G, C-terminal truncated form' 21-243	21-244	255
P08572	COL4A2	2	2	PRO_0000005825 'Collagen alpha-2(IV) chain' 184-1712 | PRO_0000283775 'Canstatin' 1486-1712	184-1712	1712
P09601	HMOX1	2	2	PRO_0000209687 'Heme oxygenase 1' 1-288 | PRO_0000455621 'Heme oxygenase 1 soluble form' 1-265	1-288	288
P09651	HNRNPA1	2	2	PRO_0000424509 'Heterogeneous nuclear ribonucleoprotein A1' 1-372 | PRO_0000081828 'Heterogeneous nuclear ribonucleoprotein A1, N-terminally processed' 2-372	1-372	372
P09874	PARP1	2	3	PRO_0000211320 'Poly [ADP-ribose] polymerase 1' 2-1014 | PRO_0000456361 'Poly [ADP-ribose] polymerase 1, processed N-terminus' 2-214 | PRO_0000456362 'Poly [ADP-ribose] polymerase 1, processed C-terminus' 215-1014	2-1014	1014
P0CG47	UBB	2	3	PRO_0000396174 'Ubiquitin' 1-76 | PRO_0000396175 'Ubiquitin' 77-152 | PRO_0000396176 'Ubiquitin' 153-228	1-228	229
P0CG48	UBC	2	9	PRO_0000396178 'Ubiquitin' 1-76 | PRO_0000396179 'Ubiquitin' 77-152 | PRO_0000396180 'Ubiquitin' 153-228 | PRO_0000396181 'Ubiquitin' 229-304 | PRO_0000396182 'Ubiquitin' 305-380 | PRO_0000396183 'Ubiquitin' 381-456 | PRO_0000396184 'Ubiquitin' 457-532 | PRO_0000396185 'Ubiquitin' 533-608 | PRO_0000396186 'Ubiquitin' 609-684	1-684	685
P10163	PRB4	2	3	PRO_0000022102 'Basic salivary proline-rich protein 4' 17-310 | PRO_0000022104 'Glycosylated protein A' 40-177 | PRO_0000022099 'Peptide P-D' 241-310	17-310	310
P10253	GAA	2	3	PRO_0000018566 'Lysosomal alpha-glucosidase' 70-952 | PRO_0000018567 '76 kDa lysosomal alpha-glucosidase' 123-952 | PRO_0000018568 '70 kDa lysosomal alpha-glucosidase' 204-952	70-952	952
P10619	CTSA	2	3	PRO_0000004274 'Lysosomal protective protein' 29-480 | PRO_0000004275 'Lysosomal protective protein 32 kDa chain' 29-326 | PRO_0000004276 'Lysosomal protective protein 20 kDa chain' 327-480	29-480	480
P10909	CLU	2	3	PRO_0000005529 'Clusterin' 23-449 | PRO_0000005530 'Clusterin beta chain' 23-227 | PRO_0000005531 'Clusterin alpha chain' 228-449	23-449	449
P11586	MTHFD1	2	2	PRO_0000423280 'C-1-tetrahydrofolate synthase, cytoplasmic' 1-935 | PRO_0000199321 'C-1-tetrahydrofolate synthase, cytoplasmic, N-terminally processed' 2-935	1-935	935
P12236	SLC25A6	2	2	PRO_0000425781 'ADP/ATP translocase 3' 1-298 | PRO_0000090584 'ADP/ATP translocase 3, N-terminally processed' 2-298	1-298	298
P12821	ACE	2	2	PRO_0000028530 'Angiotensin-converting enzyme' 30-1306 | PRO_0000028531 'Angiotensin-converting enzyme, soluble form' 30-1232	30-1306	1306
P20591	MX1	2	2	PRO_0000382943 'Interferon-induced GTP-binding protein Mx1' 1-662 | PRO_0000206592 'Interferon-induced GTP-binding protein Mx1, N-terminally processed' 2-662	1-662	662
P22735	TGM1	2	3	PRO_0000213701 'Protein-glutamine gamma-glutamyltransferase K' 1-817 | PRO_0000463293 'Protein-glutamine gamma-glutamyltransferase K 67 kDa chain' 94-817 | PRO_0000463294 'Protein-glutamine gamma-glutamyltransferase K 33 kDa chain' 574-817	1-817	817
P23381	WARS1	2	3	PRO_0000136738 'Tryptophan--tRNA ligase, cytoplasmic' 2-471 | PRO_0000386461 'T1-TrpRS' 71-471 | PRO_0000386462 'T2-TrpRS' 94-471	2-471	471
P27694	RPA1	2	2	PRO_0000423231 'Replication protein A 70 kDa DNA-binding subunit' 1-616 | PRO_0000097260 'Replication protein A 70 kDa DNA-binding subunit, N-terminally processed' 2-616	1-616	616
P27695	APEX1	2	2	PRO_0000200010 'DNA repair nuclease/redox regulator APEX1' 2-318 | PRO_0000402572 'DNA repair nuclease/redox regulator APEX1, mitochondrial' 32-318	2-318	318
P30519	HMOX2	2	2	PRO_0000209691 'Heme oxygenase 2' 2-316 | PRO_0000455626 'Heme oxygenase 2 soluble form' 2-295	2-316	316
P31939	ATIC	2	2	PRO_0000192156 'Bifunctional purine biosynthesis protein ATIC' 1-592 | PRO_0000434376 'Bifunctional purine biosynthesis protein ATIC, N-terminally processed' 2-592	1-592	592
P31943	HNRNPH1	2	2	PRO_0000367119 'Heterogeneous nuclear ribonucleoprotein H' 1-449 | PRO_0000081857 'Heterogeneous nuclear ribonucleoprotein H, N-terminally processed' 2-449	1-449	449
P31944	CASP14	2	4	PRO_0000432793 'Caspase-14 subunit p20, intermediate form' 1-178 | PRO_0000432794 'Caspase-14 subunit p17, mature form' 6-146 | PRO_0000004654 'Caspase-14 subunit p10, mature form' 153-242 | PRO_0000432796 'Caspase-14 subunit p8, intermediate form' 179-242	1-242	242
P31946	YWHAB	2	2	PRO_0000367900 '14-3-3 protein beta/alpha' 1-246 | PRO_0000000003 '14-3-3 protein beta/alpha, N-terminally processed' 2-246	1-246	246
P31949	S100A11	2	2	PRO_0000424465 'Protein S100-A11' 1-105 | PRO_0000144009 'Protein S100-A11, N-terminally processed' 2-105	1-105	105
P35555	FBN1	2	2	PRO_0000007581 'Fibrillin-1' 45-2731 | PRO_0000436882 'Asprosin' 2732-2871	45-2871	2871
P38159	RBMX	2	2	PRO_0000081854 'RNA-binding motif protein, X chromosome' 1-391 | PRO_0000304582 'RNA-binding motif protein, X chromosome, N-terminally processed' 2-391	1-391	391
P38919	EIF4A3	2	2	PRO_0000423267 'Eukaryotic initiation factor 4A-III' 1-411 | PRO_0000054942 'Eukaryotic initiation factor 4A-III, N-terminally processed' 2-411	1-411	411
P39059	COL15A1	2	5	PRO_0000005788 'Collagen alpha-1(XV) chain' 28-1388 | PRO_0000005789 'Restin' 1198-1386 | PRO_0000423014 'Restin-2' 1207-1386 | PRO_0000423015 'Restin-3' 1213-1386 | PRO_0000423016 'Restin-4' 1221-1386	28-1388	1388
P46782	RPS5	2	2	PRO_0000370369 'Small ribosomal subunit protein uS7' 1-204 | PRO_0000124526 'Small ribosomal subunit protein uS7, N-terminally processed' 2-204	1-204	204
P46821	MAP1B	2	3	PRO_0000018604 'Microtubule-associated protein 1B' 2-2468 | PRO_0000418379 'MAP1B heavy chain' 2-2206 | PRO_0000018605 'MAP1 light chain LC1' 2207-2468	2-2468	2468
P47985	UQCRFS1	2	2	PRO_0000307241 'Cytochrome b-c1 complex subunit 9' 1-78 | PRO_0000030664 'Cytochrome b-c1 complex subunit Rieske, mitochondrial' 79-274	1-274	274
P49189	ALDH9A1	2	2	PRO_0000434351 '4-trimethylaminobutyraldehyde dehydrogenase' 1-494 | PRO_0000056485 '4-trimethylaminobutyraldehyde dehydrogenase, N-terminally processed' 2-494	1-494	494
P51610	HCFC1	2	12	PRO_0000016611 'HCF N-terminal chain 6' 2-1423 | PRO_0000016612 'HCF N-terminal chain 5' 2-1323 | PRO_0000016613 'HCF N-terminal chain 4' 2-1295 | PRO_0000016614 'HCF N-terminal chain 3' 2-1110 | PRO_0000016615 'HCF N-terminal chain 2' 2-1081 | PRO_0000016616 'HCF N-terminal chain 1' 2-1019 | PRO_0000016617 'HCF C-terminal chain 1' 1020-2035 | PRO_0000016618 'HCF C-terminal chain 2' 1082-2035 | PRO_0000016619 'HCF C-terminal chain 3' 1111-2035 | PRO_0000016620 'HCF C-terminal chain 4' 1296-2035 | PRO_0000016621 'HCF C-terminal chain 5' 1324-2035 | PRO_0000016622 'HCF C-terminal chain 6' 1424-2035	2-2035	2035
P51659	HSD17B4	2	3	PRO_0000054583 'Peroxisomal multifunctional enzyme type 2' 1-736 | PRO_0000400082 '(3R)-hydroxyacyl-CoA dehydrogenase' 1-311 | PRO_0000400083 'Enoyl-CoA hydratase 2' 312-736	1-736	736
P52294	KPNA1	2	2	PRO_0000120719 'Importin subunit alpha-5' 1-538 | PRO_0000424491 'Importin subunit alpha-5, N-terminally processed' 2-538	1-538	538
P52597	HNRNPF	2	2	PRO_0000367114 'Heterogeneous nuclear ribonucleoprotein F' 1-415 | PRO_0000081852 'Heterogeneous nuclear ribonucleoprotein F, N-terminally processed' 2-415	1-415	415
P52948	NUP98	2	2	PRO_0000019929 'Nuclear pore complex protein Nup98' 1-880 | PRO_0000019930 'Nuclear pore complex protein Nup96' 881-1817	1-1817	1817
P53634	CTSC	2	3	PRO_0000026338 'Dipeptidyl peptidase 1 exclusion domain chain' 25-134 | PRO_0000026340 'Dipeptidyl peptidase 1 heavy chain' 231-394 | PRO_0000026341 'Dipeptidyl peptidase 1 light chain' 395-463	25-134,231-463	463
P53708	ITGA8	2	3	PRO_0000016310 'Integrin alpha-8' 39-1063 | PRO_0000016311 'Integrin alpha-8 heavy chain' 39-906 | PRO_0000016312 'Integrin alpha-8 light chain' 907-1063	39-1063	1063
P54289	CACNA2D1	2	3	PRO_0000304633 'Voltage-dependent calcium channel subunit alpha-2/delta-1' 25-1103 | PRO_0000005001 'Voltage-dependent calcium channel subunit alpha-2-1' 25-956 | PRO_0000005002 'Voltage-dependent calcium channel subunit delta-1' 957-1103	25-1103	1103
P54577	YARS1	2	2	PRO_0000423285 'Tyrosine--tRNA ligase, cytoplasmic' 1-528 | PRO_0000055673 'Tyrosine--tRNA ligase, cytoplasmic, N-terminally processed' 2-528	1-528	528
P54819	AK2	2	2	PRO_0000423212 'Adenylate kinase 2, mitochondrial' 1-239 | PRO_0000158917 'Adenylate kinase 2, mitochondrial, N-terminally processed' 2-239	1-239	239
P55210	CASP7	2	2	PRO_0000004617 'Caspase-7 subunit p20' 24-198 | PRO_0000004619 'Caspase-7 subunit p11' 207-303	24-198,207-303	303
P55769	SNU13	2	2	PRO_0000423260 'NHP2-like protein 1' 1-128 | PRO_0000136778 'NHP2-like protein 1, N-terminally processed' 2-128	1-128	128
P55957	BID	2	4	PRO_0000143101 'BH3-interacting domain death agonist' 1-195 | PRO_0000223233 'BH3-interacting domain death agonist p15' 61-195 | PRO_0000223232 'BH3-interacting domain death agonist p13' 76-195 | PRO_0000223231 'BH3-interacting domain death agonist p11' 100-195	1-195	195
P56385	ATP5ME	2	2	PRO_0000434346 'ATP synthase F(0) complex subunit e, mitochondrial' 1-69 | PRO_0000071684 'ATP synthase F(0) complex subunit e, mitochondrial, N-terminally processed' 2-69	1-69	69
P61769	B2M	2	2	PRO_0000018779 'Beta-2-microglobulin' 21-119 | PRO_0000018780 'Beta-2-microglobulin form pI 5.3' 22-119	21-119	119
P61981	YWHAG	2	2	PRO_0000367907 '14-3-3 protein gamma' 1-247 | PRO_0000058606 '14-3-3 protein gamma, N-terminally processed' 2-247	1-247	247
P62861	FAU	2	3	PRO_0000173999 'Ubiquitin-like FUBI-ribosomal protein eS30 fusion protein' 1-133 | PRO_0000455003 'Ubiquitin-like protein FUBI' 1-74 | PRO_0000455004 'Small ribosomal subunit protein eS30' 75-133	1-133	133
P62877	RBX1	2	2	PRO_0000423264 'E3 ubiquitin-protein ligase RBX1' 1-108 | PRO_0000056013 'E3 ubiquitin-protein ligase RBX1, N-terminally processed' 2-108	1-108	108
P62937	PPIA	2	2	PRO_0000423240 'Peptidyl-prolyl cis-trans isomerase A' 1-165 | PRO_0000064115 'Peptidyl-prolyl cis-trans isomerase A, N-terminally processed' 2-165	1-165	165
P62979	RPS27A	2	2	PRO_0000396477 'Ubiquitin' 1-76 | PRO_0000396478 'Small ribosomal subunit protein eS31' 77-156	1-156	156
P62987	UBA52	2	2	PRO_0000396433 'Ubiquitin' 1-76 | PRO_0000396434 'Large ribosomal subunit protein eL40' 77-128	1-128	128
P63244	RACK1	2	2	PRO_0000424480 'Small ribosomal subunit protein RACK1' 1-317 | PRO_0000127731 'Small ribosomal subunit protein RACK1, N-terminally processed' 2-317	1-317	317
P63261	ACTG1	1	2	PRO_0000367100 'Actin, cytoplasmic 2' 1-375 | PRO_0000000831 'Actin, cytoplasmic 2, N-terminally processed' 2-375	1-375	375
P68032	ACTC1	1	2	PRO_0000442998 'Actin, alpha cardiac muscle 1, intermediate form' 2-377 | PRO_0000000813 'Actin, alpha cardiac muscle 1' 3-377	2-377	377
P68133	ACTA1	1	2	PRO_0000442803 'Actin, alpha skeletal muscle, intermediate form' 2-377 | PRO_0000442804 'Actin, alpha skeletal muscle' 3-377	2-377	377
P68363	TUBA1B	2	2	PRO_0000048108 'Tubulin alpha-1B chain' 1-451 | PRO_0000437384 'Detyrosinated tubulin alpha-1B chain' 1-450	1-451	451
P78559	MAP1A	2	3	PRO_0000018600 'Microtubule-associated protein 1A' 1-2803 | PRO_0000418376 'MAP1A heavy chain' 1-2566 | PRO_0000018601 'MAP1 light chain LC2' 2567-2803	1-2803	2803
P80303	NUCB2	2	2	PRO_0000004165 'Nucleobindin-2' 25-420 | PRO_0000419819 'Nesfatin-1' 25-106	25-420	420
P98160	HSPG2	2	3	PRO_0000026696 'Basement membrane-specific heparan sulfate proteoglycan core protein' 22-4391 | PRO_0000391621 'Endorepellin' 3687-4391 | PRO_0000391622 'LG3 peptide' 4197-4391	22-4391	4391
Q00653	NFKB2	2	2	PRO_0000030321 'Nuclear factor NF-kappa-B p100 subunit' 1-900 | PRO_0000030322 'Nuclear factor NF-kappa-B p52 subunit' 1-454	1-900	900
Q02790	FKBP4	2	2	PRO_0000391468 'Peptidyl-prolyl cis-trans isomerase FKBP4' 1-459 | PRO_0000075318 'Peptidyl-prolyl cis-trans isomerase FKBP4, N-terminally processed' 2-459	1-459	459
Q05655	PRKCD	2	3	PRO_0000055694 'Protein kinase C delta type' 1-676 | PRO_0000421667 'Protein kinase C delta type regulatory subunit' 1-329 | PRO_0000421668 'Protein kinase C delta type catalytic subunit' 330-676	1-676	676
Q08188	TGM3	2	2	PRO_0000033652 'Protein-glutamine gamma-glutamyltransferase E 50 kDa catalytic chain' 2-467 | PRO_0000033653 'Protein-glutamine gamma-glutamyltransferase E 27 kDa non-catalytic chain' 468-693	2-693	693
Q08431	MFGE8	2	3	PRO_0000007650 'Lactadherin' 24-387 | PRO_0000007651 'Lactadherin short form' 202-387 | PRO_0000007652 'Medin' 268-317	24-387	387
Q10471	GALNT2	2	2	PRO_0000223391 'Polypeptide N-acetylgalactosaminyltransferase 2' 1-571 | PRO_0000012265 'Polypeptide N-acetylgalactosaminyltransferase 2 soluble form' 52-571	1-571	571
Q12884	FAP	2	2	PRO_0000122424 'Prolyl endopeptidase FAP' 1-760 | PRO_0000430643 'Antiplasmin-cleaving enzyme FAP, soluble form' 24-760	1-760	760
Q12904	AIMP1	2	2	PRO_0000223394 'Aminoacyl tRNA synthase complex-interacting multifunctional protein 1' 2-312 | PRO_0000019242 'Endothelial monocyte-activating polypeptide 2' 147-312	2-312	312
Q13177	PAK2	2	3	PRO_0000086465 'Serine/threonine-protein kinase PAK 2' 2-524 | PRO_0000304922 'PAK-2p27' 2-212 | PRO_0000304923 'PAK-2p34' 213-524	2-524	524
Q13510	ASAH1	2	2	PRO_0000002312 'Acid ceramidase subunit alpha' 22-142 | PRO_0000002313 'Acid ceramidase subunit beta' 143-395	22-395	395
Q13683	ITGA7	2	4	PRO_0000016267 'Integrin alpha-7' 34-1181 | PRO_0000016268 'Integrin alpha-7 heavy chain' 34-955 | PRO_0000398833 'Integrin alpha-7 70 kDa form' 648-1181 | PRO_0000016269 'Integrin alpha-7 light chain' 959-1181	34-1181	1181
Q14118	DAG1	1	2	PRO_0000021065 'Alpha-dystroglycan' 30-653 | PRO_0000021066 'Beta-dystroglycan' 654-895	30-895	895
Q14624	ITIH4	2	2	PRO_0000016541 '70 kDa inter-alpha-trypsin inhibitor heavy chain H4' 29-661 | PRO_0000016543 '35 kDa inter-alpha-trypsin inhibitor heavy chain H4' 689-930	29-661,689-930	930
Q15067	ACOX1	2	3	PRO_0000204677 'Peroxisomal acyl-CoA oxidase 1, A chain' 1-660 | PRO_0000447500 'Peroxisomal acyl-CoA oxidase 1, B chain' 1-468 | PRO_0000447501 'Peroxisomal acyl-CoA oxidase 1, C chain' 469-660	1-660	660
Q15303	ERBB4	2	2	PRO_0000016674 'Receptor tyrosine-protein kinase erbB-4' 26-1308 | PRO_0000396797 'ERBB4 intracellular domain' 676-1308	26-1308	1308
Q15746	MYLK	2	2	PRO_0000024354 'Myosin light chain kinase, smooth muscle' 1-1914 | PRO_0000403731 'Myosin light chain kinase, smooth muscle, deglutamylated form' 1-1910	1-1914	1914
Q16543	CDC37	2	2	PRO_0000195057 'Hsp90 co-chaperone Cdc37' 1-378 | PRO_0000423197 'Hsp90 co-chaperone Cdc37, N-terminally processed' 2-378	1-378	378
Q16595	FXN	2	5	PRO_0000010129 'Frataxin intermediate form' 42-210 | PRO_0000010130 'Frataxin(56-210)' 56-210 | PRO_0000399388 'Frataxin(78-210)' 78-210 | PRO_0000456947 'Extramitochondrial frataxin' 81-210 | PRO_0000289331 'Frataxin mature form' 81-210	42-210	210
Q4V328	GRIPAP1	2	2	PRO_0000087581 'GRIP1-associated protein 1' 2-841 | PRO_0000441811 'GRASP-1 C-terminal chain' 599-841	2-841	841
Q66K74	MAP1S	2	3	PRO_0000311379 'Microtubule-associated protein 1S' 1-1059 | PRO_0000311380 'MAP1S heavy chain' 1-829 | PRO_0000311381 'MAP1S light chain' 830-1059	1-1059	1059
Q6P4A8	PLBD1	2	4	PRO_0000286106 'Lysosomal leucine aminopeptidase' 39-553 | PRO_0000425421 'Lysosomal leucine aminopeptidase chain A' 39-208 | PRO_0000425422 'Lysosomal leucine aminopeptidase chain C' 93-208 | PRO_0000425424 'Lysosomal leucine aminopeptidase chain B' 228-553	39-553	553
Q71U36	TUBA1A	2	2	PRO_0000048111 'Tubulin alpha-1A chain' 1-451 | PRO_0000437378 'Detyrosinated tubulin alpha-1A chain' 1-450	1-451	451
Q8IWL3	HSCB	2	2	PRO_0000446242 'Iron-sulfur cluster co-chaperone protein HscB, cytoplasmic' 1-235 | PRO_0000007262 'Iron-sulfur cluster co-chaperone protein HscB, mitochondrial' 30-235	1-235	235
Q8IWU6	SULF1	2	2	PRO_0000033434 'Extracellular sulfatase Sulf-1' 23-871 | PRO_0000457756 'Extracellular sulfatase Sulf-2 secreted form' 545-870	23-871	871
Q8NHP8	PLBD2	2	3	PRO_0000286110 'Putative aminopeptidase PLBD2' 42-589 | PRO_0000314074 'Putative aminopeptidase PLBD2 32 kDa form' 42-243 | PRO_0000314075 'Putative aminopeptidase PLBD2 45 kDa form' 244-589	42-589	589
Q96AG4	LRRC59	2	2	PRO_0000235159 'Leucine-rich repeat-containing protein 59' 1-307 | PRO_0000441739 'Leucine-rich repeat-containing protein 59, N-terminally processed' 2-307	1-307	307
Q96QA5	GSDMA	2	3	PRO_0000148173 'Gasdermin-A' 1-445 | PRO_0000451664 'Gasdermin-A, N-terminal' 1-246 | PRO_0000451665 'Gasdermin-A, C-terminal' 247-445	1-445	445
Q99832	CCT7	2	2	PRO_0000128365 'T-complex protein 1 subunit eta' 1-543 | PRO_0000434391 'T-complex protein 1 subunit eta, N-terminally processed' 2-543	1-543	543
Q99972	MYOC	2	3	PRO_0000020084 'Myocilin' 33-504 | PRO_0000428749 'Myocilin, N-terminal fragment' 33-226 | PRO_0000428750 'Myocilin, C-terminal fragment' 227-504	33-504	504
Q9BQE3	TUBA1C	2	2	PRO_0000048112 'Tubulin alpha-1C chain' 1-449 | PRO_0000437394 'Detyrosinated tubulin alpha-1C chain' 1-448	1-449	449
Q9BR39	JPH2	1	2	PRO_0000159847 'Junctophilin-2' 1-696 | PRO_0000446375 'Junctophilin-2 N-terminal fragment' 1-572	1-696	696
Q9BV86	NTMT1	2	2	PRO_0000423228 'N-terminal Xaa-Pro-Lys N-methyltransferase 1' 1-223 | PRO_0000119288 'N-terminal Xaa-Pro-Lys N-methyltransferase 1, N-terminally processed' 2-223	1-223	223
Q9GZS3	SKIC8	2	2	PRO_0000425748 'Superkiller complex protein 8' 1-305 | PRO_0000245851 'Superkiller complex protein 8, N-terminally processed' 2-305	1-305	305
Q9H078	CLPB	2	2	PRO_0000191239 'Mitochondrial disaggregase' 37-707 | PRO_0000458241 'Mitochondrial disaggregase, cleaved form' 127-707	37-707	707
Q9H3P7	ACBD3	2	2	PRO_0000436449 'Golgi resident protein GCP60' 1-528 | PRO_0000214029 'Golgi resident protein GCP60, N-terminally processed' 2-528	1-528	528
Q9H583	HEATR1	2	2	PRO_0000424485 'HEAT repeat-containing protein 1' 1-2144 | PRO_0000186201 'HEAT repeat-containing protein 1, N-terminally processed' 2-2144	1-2144	2144
Q9H7Z7	PTGES2	2	2	PRO_0000013127 'Prostaglandin E synthase 2' 1-377 | PRO_0000013128 'Prostaglandin E synthase 2 truncated form' 88-377	1-377	377
Q9NPJ3	ACOT13	2	2	PRO_0000156697 'Acyl-coenzyme A thioesterase 13' 1-140 | PRO_0000424501 'Acyl-coenzyme A thioesterase 13, N-terminally processed' 2-140	1-140	140
Q9NR28	DIABLO	2	2	PRO_0000458409 'Diablo IAP-binding mitochondrial protein' 22-239 | PRO_0000021072 'Diablo IAP-binding mitochondrial protein, cleaved form' 56-239	22-239	239
Q9NY65	TUBA8	2	2	PRO_0000048113 'Tubulin alpha-8 chain' 1-449 | PRO_0000456434 'Dephenylalaninated tubulin alpha-8 chain' 1-448	1-449	449
Q9UBE0	SAE1	2	2	PRO_0000194966 'SUMO-activating enzyme subunit 1' 1-346 | PRO_0000423290 'SUMO-activating enzyme subunit 1, N-terminally processed' 2-346	1-346	346
Q9UG56	PISD	2	3	PRO_0000435571 'Phosphatidylserine decarboxylase proenzyme, mitochondrial' 53-409 | PRO_0000029835 'Phosphatidylserine decarboxylase beta chain' 53-377 | PRO_0000029836 'Phosphatidylserine decarboxylase alpha chain' 378-409	53-409	409
Q9UIQ6	LNPEP	2	2	PRO_0000095114 'Leucyl-cystinyl aminopeptidase' 1-1025 | PRO_0000292264 'Leucyl-cystinyl aminopeptidase, pregnancy serum form' 155-1025	1-1025	1025
Q9UJ14	GGT7	2	2	PRO_0000011066 'Glutathione hydrolase 7 heavy chain' 1-472 | PRO_0000011067 'Glutathione hydrolase 7 light chain' 473-662	1-662	662
Q9UK76	JPT1	2	2	PRO_0000424487 'Jupiter microtubule associated homolog 1' 1-154 | PRO_0000054918 'Jupiter microtubule associated homolog 1, N-terminally processed' 2-154	1-154	154
Q9UNH7	SNX6	2	2	PRO_0000423277 'Sorting nexin-6' 1-406 | PRO_0000213846 'Sorting nexin-6, N-terminally processed' 2-406	1-406	406
Q9Y2J2	EPB41L3	2	2	PRO_0000219399 'Band 4.1-like protein 3' 1-1087 | PRO_0000423194 'Band 4.1-like protein 3, N-terminally processed' 2-1087	1-1087	1087
